{"type":"Topology","arcs":[],"objects":{"uk_constituencies_2024":{"type":"GeometryCollection","geometries":[{"type":null,"properties":{"PCON24CD":"E14001063","PCON24NM":"Aldershot","PCON24NMW":null,"ObjectId":1,"name":"Aldershot"}},{"type":null,"properties":{"PCON24CD":"E14001064","PCON24NM":"Aldridge-Brownhills","PCON24NMW":null,"ObjectId":2,"name":"Aldridge-Brownhills"}},{"type":null,"properties":{"PCON24CD":"E14001065","PCON24NM":"Altrincham and Sale West","PCON24NMW":null,"ObjectId":3,"name":"Altrincham and Sale West"}},{"type":null,"properties":{"PCON24CD":"E14001066","PCON24NM":"Amber Valley","PCON24NMW":null,"ObjectId":4,"name":"Amber Valley"}},{"type":null,"properties":{"PCON24CD":"E14001067","PCON24NM":"Arundel and South Downs","PCON24NMW":null,"ObjectId":5,"name":"Arundel and South Downs"}},{"type":null,"properties":{"PCON24CD":"E14001068","PCON24NM":"Ashfield","PCON24NMW":null,"ObjectId":6,"name":"Ashfield"}},{"type":null,"properties":{"PCON24CD":"E14001069","PCON24NM":"Ashford","PCON24NMW":null,"ObjectId":7,"name":"Ashford"}},{"type":null,"properties":{"PCON24CD":"E14001070","PCON24NM":"Ashton-under-Lyne","PCON24NMW":null,"ObjectId":8,"name":"Ashton-under-Lyne"}},{"type":null,"properties":{"PCON24CD":"E14001071","PCON24NM":"Aylesbury","PCON24NMW":null,"ObjectId":9,"name":"Aylesbury"}},{"type":null,"properties":{"PCON24CD":"E14001072","PCON24NM":"Banbury","PCON24NMW":null,"ObjectId":10,"name":"Banbury"}},{"type":null,"properties":{"PCON24CD":"E14001073","PCON24NM":"Barking","PCON24NMW":null,"ObjectId":11,"name":"Barking"}},{"type":null,"properties":{"PCON24CD":"E14001074","PCON24NM":"Barnsley North","PCON24NMW":null,"ObjectId":12,"name":"Barnsley North"}},{"type":null,"properties":{"PCON24CD":"E14001075","PCON24NM":"Barnsley South","PCON24NMW":null,"ObjectId":13,"name":"Barnsley South"}},{"type":null,"properties":{"PCON24CD":"E14001076","PCON24NM":"Barrow and Furness","PCON24NMW":null,"ObjectId":14,"name":"Barrow and Furness"}},{"type":null,"properties":{"PCON24CD":"E14001077","PCON24NM":"Basildon and Billericay","PCON24NMW":null,"ObjectId":15,"name":"Basildon and Billericay"}},{"type":null,"properties":{"PCON24CD":"E14001078","PCON24NM":"Basingstoke","PCON24NMW":null,"ObjectId":16,"name":"Basingstoke"}},{"type":null,"properties":{"PCON24CD":"E14001079","PCON24NM":"Bassetlaw","PCON24NMW":null,"ObjectId":17,"name":"Bassetlaw"}},{"type":null,"properties":{"PCON24CD":"E14001080","PCON24NM":"Bath","PCON24NMW":null,"ObjectId":18,"name":"Bath"}},{"type":null,"properties":{"PCON24CD":"E14001081","PCON24NM":"Battersea","PCON24NMW":null,"ObjectId":19,"name":"Battersea"}},{"type":null,"properties":{"PCON24CD":"E14001082","PCON24NM":"Beaconsfield","PCON24NMW":null,"ObjectId":20,"name":"Beaconsfield"}},{"type":null,"properties":{"PCON24CD":"E14001083","PCON24NM":"Beckenham and Penge","PCON24NMW":null,"ObjectId":21,"name":"Beckenham and Penge"}},{"type":null,"properties":{"PCON24CD":"E14001084","PCON24NM":"Bedford","PCON24NMW":null,"ObjectId":22,"name":"Bedford"}},{"type":null,"properties":{"PCON24CD":"E14001085","PCON24NM":"Bermondsey and Old Southwark","PCON24NMW":null,"ObjectId":23,"name":"Bermondsey and Old Southwark"}},{"type":null,"properties":{"PCON24CD":"E14001086","PCON24NM":"Bethnal Green and Stepney","PCON24NMW":null,"ObjectId":24,"name":"Bethnal Green and Stepney"}},{"type":null,"properties":{"PCON24CD":"E14001087","PCON24NM":"Beverley and Holderness","PCON24NMW":null,"ObjectId":25,"name":"Beverley and Holderness"}},{"type":null,"properties":{"PCON24CD":"E14001088","PCON24NM":"Bexhill and Battle","PCON24NMW":null,"ObjectId":26,"name":"Bexhill and Battle"}},{"type":null,"properties":{"PCON24CD":"E14001089","PCON24NM":"Bexleyheath and Crayford","PCON24NMW":null,"ObjectId":27,"name":"Bexleyheath and Crayford"}},{"type":null,"properties":{"PCON24CD":"E14001090","PCON24NM":"Bicester and Woodstock","PCON24NMW":null,"ObjectId":28,"name":"Bicester and Woodstock"}},{"type":null,"properties":{"PCON24CD":"E14001091","PCON24NM":"Birkenhead","PCON24NMW":null,"ObjectId":29,"name":"Birkenhead"}},{"type":null,"properties":{"PCON24CD":"E14001092","PCON24NM":"Birmingham Edgbaston","PCON24NMW":null,"ObjectId":30,"name":"Birmingham Edgbaston"}},{"type":null,"properties":{"PCON24CD":"E14001093","PCON24NM":"Birmingham Erdington","PCON24NMW":null,"ObjectId":31,"name":"Birmingham Erdington"}},{"type":null,"properties":{"PCON24CD":"E14001094","PCON24NM":"Birmingham Hall Green and Moseley","PCON24NMW":null,"ObjectId":32,"name":"Birmingham Hall Green and Moseley"}},{"type":null,"properties":{"PCON24CD":"E14001095","PCON24NM":"Birmingham Hodge Hill and Solihull North","PCON24NMW":null,"ObjectId":33,"name":"Birmingham Hodge Hill and Solihull North"}},{"type":null,"properties":{"PCON24CD":"E14001096","PCON24NM":"Birmingham Ladywood","PCON24NMW":null,"ObjectId":34,"name":"Birmingham Ladywood"}},{"type":null,"properties":{"PCON24CD":"E14001097","PCON24NM":"Birmingham Northfield","PCON24NMW":null,"ObjectId":35,"name":"Birmingham Northfield"}},{"type":null,"properties":{"PCON24CD":"E14001098","PCON24NM":"Birmingham Perry Barr","PCON24NMW":null,"ObjectId":36,"name":"Birmingham Perry Barr"}},{"type":null,"properties":{"PCON24CD":"E14001099","PCON24NM":"Birmingham Selly Oak","PCON24NMW":null,"ObjectId":37,"name":"Birmingham Selly Oak"}},{"type":null,"properties":{"PCON24CD":"E14001100","PCON24NM":"Birmingham Yardley","PCON24NMW":null,"ObjectId":38,"name":"Birmingham Yardley"}},{"type":null,"properties":{"PCON24CD":"E14001101","PCON24NM":"Bishop Auckland","PCON24NMW":null,"ObjectId":39,"name":"Bishop Auckland"}},{"type":null,"properties":{"PCON24CD":"E14001102","PCON24NM":"Blackburn","PCON24NMW":null,"ObjectId":40,"name":"Blackburn"}},{"type":null,"properties":{"PCON24CD":"E14001103","PCON24NM":"Blackley and Middleton South","PCON24NMW":null,"ObjectId":41,"name":"Blackley and Middleton South"}},{"type":null,"properties":{"PCON24CD":"E14001104","PCON24NM":"Blackpool North and Fleetwood","PCON24NMW":null,"ObjectId":42,"name":"Blackpool North and Fleetwood"}},{"type":null,"properties":{"PCON24CD":"E14001105","PCON24NM":"Blackpool South","PCON24NMW":null,"ObjectId":43,"name":"Blackpool South"}},{"type":null,"properties":{"PCON24CD":"E14001106","PCON24NM":"Blaydon and Consett","PCON24NMW":null,"ObjectId":44,"name":"Blaydon and Consett"}},{"type":null,"properties":{"PCON24CD":"E14001107","PCON24NM":"Blyth and Ashington","PCON24NMW":null,"ObjectId":45,"name":"Blyth and Ashington"}},{"type":null,"properties":{"PCON24CD":"E14001108","PCON24NM":"Bognor Regis and Littlehampton","PCON24NMW":null,"ObjectId":46,"name":"Bognor Regis and Littlehampton"}},{"type":null,"properties":{"PCON24CD":"E14001109","PCON24NM":"Bolsover","PCON24NMW":null,"ObjectId":47,"name":"Bolsover"}},{"type":null,"properties":{"PCON24CD":"E14001110","PCON24NM":"Bolton North East","PCON24NMW":null,"ObjectId":48,"name":"Bolton North East"}},{"type":null,"properties":{"PCON24CD":"E14001111","PCON24NM":"Bolton South and Walkden","PCON24NMW":null,"ObjectId":49,"name":"Bolton South and Walkden"}},{"type":null,"properties":{"PCON24CD":"E14001112","PCON24NM":"Bolton West","PCON24NMW":null,"ObjectId":50,"name":"Bolton West"}},{"type":null,"properties":{"PCON24CD":"E14001263","PCON24NM":"Hamble Valley","PCON24NMW":null,"ObjectId":51,"name":"Hamble Valley"}},{"type":null,"properties":{"PCON24CD":"E14001264","PCON24NM":"Hammersmith and Chiswick","PCON24NMW":null,"ObjectId":52,"name":"Hammersmith and Chiswick"}},{"type":null,"properties":{"PCON24CD":"E14001265","PCON24NM":"Hampstead and Highgate","PCON24NMW":null,"ObjectId":53,"name":"Hampstead and Highgate"}},{"type":null,"properties":{"PCON24CD":"E14001266","PCON24NM":"Harborough, Oadby and Wigston","PCON24NMW":null,"ObjectId":54,"name":"Harborough, Oadby and Wigston"}},{"type":null,"properties":{"PCON24CD":"E14001267","PCON24NM":"Harlow","PCON24NMW":null,"ObjectId":55,"name":"Harlow"}},{"type":null,"properties":{"PCON24CD":"E14001268","PCON24NM":"Harpenden and Berkhamsted","PCON24NMW":null,"ObjectId":56,"name":"Harpenden and Berkhamsted"}},{"type":null,"properties":{"PCON24CD":"E14001269","PCON24NM":"Harrogate and Knaresborough","PCON24NMW":null,"ObjectId":57,"name":"Harrogate and Knaresborough"}},{"type":null,"properties":{"PCON24CD":"E14001270","PCON24NM":"Harrow East","PCON24NMW":null,"ObjectId":58,"name":"Harrow East"}},{"type":null,"properties":{"PCON24CD":"E14001271","PCON24NM":"Harrow West","PCON24NMW":null,"ObjectId":59,"name":"Harrow West"}},{"type":null,"properties":{"PCON24CD":"E14001272","PCON24NM":"Hartlepool","PCON24NMW":null,"ObjectId":60,"name":"Hartlepool"}},{"type":null,"properties":{"PCON24CD":"E14001273","PCON24NM":"Harwich and North Essex","PCON24NMW":null,"ObjectId":61,"name":"Harwich and North Essex"}},{"type":null,"properties":{"PCON24CD":"E14001274","PCON24NM":"Hastings and Rye","PCON24NMW":null,"ObjectId":62,"name":"Hastings and Rye"}},{"type":null,"properties":{"PCON24CD":"E14001275","PCON24NM":"Havant","PCON24NMW":null,"ObjectId":63,"name":"Havant"}},{"type":null,"properties":{"PCON24CD":"E14001276","PCON24NM":"Hayes and Harlington","PCON24NMW":null,"ObjectId":64,"name":"Hayes and Harlington"}},{"type":null,"properties":{"PCON24CD":"E14001277","PCON24NM":"Hazel Grove","PCON24NMW":null,"ObjectId":65,"name":"Hazel Grove"}},{"type":null,"properties":{"PCON24CD":"E14001278","PCON24NM":"Hemel Hempstead","PCON24NMW":null,"ObjectId":66,"name":"Hemel Hempstead"}},{"type":null,"properties":{"PCON24CD":"E14001279","PCON24NM":"Hendon","PCON24NMW":null,"ObjectId":67,"name":"Hendon"}},{"type":null,"properties":{"PCON24CD":"E14001280","PCON24NM":"Henley and Thame","PCON24NMW":null,"ObjectId":68,"name":"Henley and Thame"}},{"type":null,"properties":{"PCON24CD":"E14001281","PCON24NM":"Hereford and South Herefordshire","PCON24NMW":null,"ObjectId":69,"name":"Hereford and South Herefordshire"}},{"type":null,"properties":{"PCON24CD":"E14001282","PCON24NM":"Herne Bay and Sandwich","PCON24NMW":null,"ObjectId":70,"name":"Herne Bay and Sandwich"}},{"type":null,"properties":{"PCON24CD":"E14001283","PCON24NM":"Hertford and Stortford","PCON24NMW":null,"ObjectId":71,"name":"Hertford and Stortford"}},{"type":null,"properties":{"PCON24CD":"E14001284","PCON24NM":"Hertsmere","PCON24NMW":null,"ObjectId":72,"name":"Hertsmere"}},{"type":null,"properties":{"PCON24CD":"E14001285","PCON24NM":"Hexham","PCON24NMW":null,"ObjectId":73,"name":"Hexham"}},{"type":null,"properties":{"PCON24CD":"E14001286","PCON24NM":"Heywood and Middleton North","PCON24NMW":null,"ObjectId":74,"name":"Heywood and Middleton North"}},{"type":null,"properties":{"PCON24CD":"E14001287","PCON24NM":"High Peak","PCON24NMW":null,"ObjectId":75,"name":"High Peak"}},{"type":null,"properties":{"PCON24CD":"E14001288","PCON24NM":"Hinckley and Bosworth","PCON24NMW":null,"ObjectId":76,"name":"Hinckley and Bosworth"}},{"type":null,"properties":{"PCON24CD":"E14001289","PCON24NM":"Hitchin","PCON24NMW":null,"ObjectId":77,"name":"Hitchin"}},{"type":null,"properties":{"PCON24CD":"E14001290","PCON24NM":"Holborn and St Pancras","PCON24NMW":null,"ObjectId":78,"name":"Holborn and St Pancras"}},{"type":null,"properties":{"PCON24CD":"E14001291","PCON24NM":"Honiton and Sidmouth","PCON24NMW":null,"ObjectId":79,"name":"Honiton and Sidmouth"}},{"type":null,"properties":{"PCON24CD":"E14001292","PCON24NM":"Hornchurch and Upminster","PCON24NMW":null,"ObjectId":80,"name":"Hornchurch and Upminster"}},{"type":null,"properties":{"PCON24CD":"E14001293","PCON24NM":"Hornsey and Friern Barnet","PCON24NMW":null,"ObjectId":81,"name":"Hornsey and Friern Barnet"}},{"type":null,"properties":{"PCON24CD":"E14001294","PCON24NM":"Horsham","PCON24NMW":null,"ObjectId":82,"name":"Horsham"}},{"type":null,"properties":{"PCON24CD":"E14001295","PCON24NM":"Houghton and Sunderland South","PCON24NMW":null,"ObjectId":83,"name":"Houghton and Sunderland South"}},{"type":null,"properties":{"PCON24CD":"E14001296","PCON24NM":"Hove and Portslade","PCON24NMW":null,"ObjectId":84,"name":"Hove and Portslade"}},{"type":null,"properties":{"PCON24CD":"E14001297","PCON24NM":"Huddersfield","PCON24NMW":null,"ObjectId":85,"name":"Huddersfield"}},{"type":null,"properties":{"PCON24CD":"E14001298","PCON24NM":"Huntingdon","PCON24NMW":null,"ObjectId":86,"name":"Huntingdon"}},{"type":null,"properties":{"PCON24CD":"E14001299","PCON24NM":"Hyndburn","PCON24NMW":null,"ObjectId":87,"name":"Hyndburn"}},{"type":null,"properties":{"PCON24CD":"E14001300","PCON24NM":"Ilford North","PCON24NMW":null,"ObjectId":88,"name":"Ilford North"}},{"type":null,"properties":{"PCON24CD":"E14001301","PCON24NM":"Ilford South","PCON24NMW":null,"ObjectId":89,"name":"Ilford South"}},{"type":null,"properties":{"PCON24CD":"E14001302","PCON24NM":"Ipswich","PCON24NMW":null,"ObjectId":90,"name":"Ipswich"}},{"type":null,"properties":{"PCON24CD":"E14001303","PCON24NM":"Isle of Wight East","PCON24NMW":null,"ObjectId":91,"name":"Isle of Wight East"}},{"type":null,"properties":{"PCON24CD":"E14001304","PCON24NM":"Isle of Wight West","PCON24NMW":null,"ObjectId":92,"name":"Isle of Wight West"}},{"type":null,"properties":{"PCON24CD":"E14001305","PCON24NM":"Islington North","PCON24NMW":null,"ObjectId":93,"name":"Islington North"}},{"type":null,"properties":{"PCON24CD":"E14001306","PCON24NM":"Islington South and Finsbury","PCON24NMW":null,"ObjectId":94,"name":"Islington South and Finsbury"}},{"type":null,"properties":{"PCON24CD":"E14001307","PCON24NM":"Jarrow and Gateshead East","PCON24NMW":null,"ObjectId":95,"name":"Jarrow and Gateshead East"}},{"type":null,"properties":{"PCON24CD":"E14001308","PCON24NM":"Keighley and Ilkley","PCON24NMW":null,"ObjectId":96,"name":"Keighley and Ilkley"}},{"type":null,"properties":{"PCON24CD":"E14001309","PCON24NM":"Kenilworth and Southam","PCON24NMW":null,"ObjectId":97,"name":"Kenilworth and Southam"}},{"type":null,"properties":{"PCON24CD":"E14001310","PCON24NM":"Kensington and Bayswater","PCON24NMW":null,"ObjectId":98,"name":"Kensington and Bayswater"}},{"type":null,"properties":{"PCON24CD":"E14001311","PCON24NM":"Kettering","PCON24NMW":null,"ObjectId":99,"name":"Kettering"}},{"type":null,"properties":{"PCON24CD":"E14001312","PCON24NM":"Kingston and Surbiton","PCON24NMW":null,"ObjectId":100,"name":"Kingston and Surbiton"}},{"type":null,"properties":{"PCON24CD":"E14001163","PCON24NM":"Chester North and Neston","PCON24NMW":null,"ObjectId":101,"name":"Chester North and Neston"}},{"type":null,"properties":{"PCON24CD":"E14001164","PCON24NM":"Chester South and Eddisbury","PCON24NMW":null,"ObjectId":102,"name":"Chester South and Eddisbury"}},{"type":null,"properties":{"PCON24CD":"E14001165","PCON24NM":"Chesterfield","PCON24NMW":null,"ObjectId":103,"name":"Chesterfield"}},{"type":null,"properties":{"PCON24CD":"E14001166","PCON24NM":"Chichester","PCON24NMW":null,"ObjectId":104,"name":"Chichester"}},{"type":null,"properties":{"PCON24CD":"E14001167","PCON24NM":"Chingford and Woodford Green","PCON24NMW":null,"ObjectId":105,"name":"Chingford and Woodford Green"}},{"type":null,"properties":{"PCON24CD":"E14001168","PCON24NM":"Chippenham","PCON24NMW":null,"ObjectId":106,"name":"Chippenham"}},{"type":null,"properties":{"PCON24CD":"E14001169","PCON24NM":"Chipping Barnet","PCON24NMW":null,"ObjectId":107,"name":"Chipping Barnet"}},{"type":null,"properties":{"PCON24CD":"E14001170","PCON24NM":"Chorley","PCON24NMW":null,"ObjectId":108,"name":"Chorley"}},{"type":null,"properties":{"PCON24CD":"E14001171","PCON24NM":"Christchurch","PCON24NMW":null,"ObjectId":109,"name":"Christchurch"}},{"type":null,"properties":{"PCON24CD":"E14001172","PCON24NM":"Cities of London and Westminster","PCON24NMW":null,"ObjectId":110,"name":"Cities of London and Westminster"}},{"type":null,"properties":{"PCON24CD":"E14001173","PCON24NM":"City of Durham","PCON24NMW":null,"ObjectId":111,"name":"City of Durham"}},{"type":null,"properties":{"PCON24CD":"E14001174","PCON24NM":"Clacton","PCON24NMW":null,"ObjectId":112,"name":"Clacton"}},{"type":null,"properties":{"PCON24CD":"E14001175","PCON24NM":"Clapham and Brixton Hill","PCON24NMW":null,"ObjectId":113,"name":"Clapham and Brixton Hill"}},{"type":null,"properties":{"PCON24CD":"E14001176","PCON24NM":"Colchester","PCON24NMW":null,"ObjectId":114,"name":"Colchester"}},{"type":null,"properties":{"PCON24CD":"E14001177","PCON24NM":"Colne Valley","PCON24NMW":null,"ObjectId":115,"name":"Colne Valley"}},{"type":null,"properties":{"PCON24CD":"E14001178","PCON24NM":"Congleton","PCON24NMW":null,"ObjectId":116,"name":"Congleton"}},{"type":null,"properties":{"PCON24CD":"E14001179","PCON24NM":"Corby and East Northamptonshire","PCON24NMW":null,"ObjectId":117,"name":"Corby and East Northamptonshire"}},{"type":null,"properties":{"PCON24CD":"E14001180","PCON24NM":"Coventry East","PCON24NMW":null,"ObjectId":118,"name":"Coventry East"}},{"type":null,"properties":{"PCON24CD":"E14001181","PCON24NM":"Coventry North West","PCON24NMW":null,"ObjectId":119,"name":"Coventry North West"}},{"type":null,"properties":{"PCON24CD":"E14001182","PCON24NM":"Coventry South","PCON24NMW":null,"ObjectId":120,"name":"Coventry South"}},{"type":null,"properties":{"PCON24CD":"E14001183","PCON24NM":"Cramlington and Killingworth","PCON24NMW":null,"ObjectId":121,"name":"Cramlington and Killingworth"}},{"type":null,"properties":{"PCON24CD":"E14001184","PCON24NM":"Crawley","PCON24NMW":null,"ObjectId":122,"name":"Crawley"}},{"type":null,"properties":{"PCON24CD":"E14001185","PCON24NM":"Crewe and Nantwich","PCON24NMW":null,"ObjectId":123,"name":"Crewe and Nantwich"}},{"type":null,"properties":{"PCON24CD":"E14001186","PCON24NM":"Croydon East","PCON24NMW":null,"ObjectId":124,"name":"Croydon East"}},{"type":null,"properties":{"PCON24CD":"E14001187","PCON24NM":"Croydon South","PCON24NMW":null,"ObjectId":125,"name":"Croydon South"}},{"type":null,"properties":{"PCON24CD":"E14001188","PCON24NM":"Croydon West","PCON24NMW":null,"ObjectId":126,"name":"Croydon West"}},{"type":null,"properties":{"PCON24CD":"E14001189","PCON24NM":"Dagenham and Rainham","PCON24NMW":null,"ObjectId":127,"name":"Dagenham and Rainham"}},{"type":null,"properties":{"PCON24CD":"E14001190","PCON24NM":"Darlington","PCON24NMW":null,"ObjectId":128,"name":"Darlington"}},{"type":null,"properties":{"PCON24CD":"E14001191","PCON24NM":"Dartford","PCON24NMW":null,"ObjectId":129,"name":"Dartford"}},{"type":null,"properties":{"PCON24CD":"E14001192","PCON24NM":"Daventry","PCON24NMW":null,"ObjectId":130,"name":"Daventry"}},{"type":null,"properties":{"PCON24CD":"E14001193","PCON24NM":"Derby North","PCON24NMW":null,"ObjectId":131,"name":"Derby North"}},{"type":null,"properties":{"PCON24CD":"E14001194","PCON24NM":"Derby South","PCON24NMW":null,"ObjectId":132,"name":"Derby South"}},{"type":null,"properties":{"PCON24CD":"E14001195","PCON24NM":"Derbyshire Dales","PCON24NMW":null,"ObjectId":133,"name":"Derbyshire Dales"}},{"type":null,"properties":{"PCON24CD":"E14001196","PCON24NM":"Dewsbury and Batley","PCON24NMW":null,"ObjectId":134,"name":"Dewsbury and Batley"}},{"type":null,"properties":{"PCON24CD":"E14001197","PCON24NM":"Didcot and Wantage","PCON24NMW":null,"ObjectId":135,"name":"Didcot and Wantage"}},{"type":null,"properties":{"PCON24CD":"E14001198","PCON24NM":"Doncaster Central","PCON24NMW":null,"ObjectId":136,"name":"Doncaster Central"}},{"type":null,"properties":{"PCON24CD":"E14001199","PCON24NM":"Doncaster East and the Isle of Axholme","PCON24NMW":null,"ObjectId":137,"name":"Doncaster East and the Isle of Axholme"}},{"type":null,"properties":{"PCON24CD":"E14001200","PCON24NM":"Doncaster North","PCON24NMW":null,"ObjectId":138,"name":"Doncaster North"}},{"type":null,"properties":{"PCON24CD":"E14001201","PCON24NM":"Dorking and Horley","PCON24NMW":null,"ObjectId":139,"name":"Dorking and Horley"}},{"type":null,"properties":{"PCON24CD":"E14001202","PCON24NM":"Dover and Deal","PCON24NMW":null,"ObjectId":140,"name":"Dover and Deal"}},{"type":null,"properties":{"PCON24CD":"E14001203","PCON24NM":"Droitwich and Evesham","PCON24NMW":null,"ObjectId":141,"name":"Droitwich and Evesham"}},{"type":null,"properties":{"PCON24CD":"E14001204","PCON24NM":"Dudley","PCON24NMW":null,"ObjectId":142,"name":"Dudley"}},{"type":null,"properties":{"PCON24CD":"E14001205","PCON24NM":"Dulwich and West Norwood","PCON24NMW":null,"ObjectId":143,"name":"Dulwich and West Norwood"}},{"type":null,"properties":{"PCON24CD":"E14001206","PCON24NM":"Dunstable and Leighton Buzzard","PCON24NMW":null,"ObjectId":144,"name":"Dunstable and Leighton Buzzard"}},{"type":null,"properties":{"PCON24CD":"E14001207","PCON24NM":"Ealing Central and Acton","PCON24NMW":null,"ObjectId":145,"name":"Ealing Central and Acton"}},{"type":null,"properties":{"PCON24CD":"E14001208","PCON24NM":"Ealing North","PCON24NMW":null,"ObjectId":146,"name":"Ealing North"}},{"type":null,"properties":{"PCON24CD":"E14001209","PCON24NM":"Ealing Southall","PCON24NMW":null,"ObjectId":147,"name":"Ealing Southall"}},{"type":null,"properties":{"PCON24CD":"E14001210","PCON24NM":"Earley and Woodley","PCON24NMW":null,"ObjectId":148,"name":"Earley and Woodley"}},{"type":null,"properties":{"PCON24CD":"E14001211","PCON24NM":"Easington","PCON24NMW":null,"ObjectId":149,"name":"Easington"}},{"type":null,"properties":{"PCON24CD":"E14001212","PCON24NM":"East Grinstead and Uckfield","PCON24NMW":null,"ObjectId":150,"name":"East Grinstead and Uckfield"}},{"type":null,"properties":{"PCON24CD":"E14001113","PCON24NM":"Bootle","PCON24NMW":null,"ObjectId":151,"name":"Bootle"}},{"type":null,"properties":{"PCON24CD":"E14001114","PCON24NM":"Boston and Skegness","PCON24NMW":null,"ObjectId":152,"name":"Boston and Skegness"}},{"type":null,"properties":{"PCON24CD":"E14001115","PCON24NM":"Bournemouth East","PCON24NMW":null,"ObjectId":153,"name":"Bournemouth East"}},{"type":null,"properties":{"PCON24CD":"E14001116","PCON24NM":"Bournemouth West","PCON24NMW":null,"ObjectId":154,"name":"Bournemouth West"}},{"type":null,"properties":{"PCON24CD":"E14001117","PCON24NM":"Bracknell","PCON24NMW":null,"ObjectId":155,"name":"Bracknell"}},{"type":null,"properties":{"PCON24CD":"E14001118","PCON24NM":"Bradford East","PCON24NMW":null,"ObjectId":156,"name":"Bradford East"}},{"type":null,"properties":{"PCON24CD":"E14001119","PCON24NM":"Bradford South","PCON24NMW":null,"ObjectId":157,"name":"Bradford South"}},{"type":null,"properties":{"PCON24CD":"E14001120","PCON24NM":"Bradford West","PCON24NMW":null,"ObjectId":158,"name":"Bradford West"}},{"type":null,"properties":{"PCON24CD":"E14001121","PCON24NM":"Braintree","PCON24NMW":null,"ObjectId":159,"name":"Braintree"}},{"type":null,"properties":{"PCON24CD":"E14001122","PCON24NM":"Brent East","PCON24NMW":null,"ObjectId":160,"name":"Brent East"}},{"type":null,"properties":{"PCON24CD":"E14001123","PCON24NM":"Brent West","PCON24NMW":null,"ObjectId":161,"name":"Brent West"}},{"type":null,"properties":{"PCON24CD":"E14001124","PCON24NM":"Brentford and Isleworth","PCON24NMW":null,"ObjectId":162,"name":"Brentford and Isleworth"}},{"type":null,"properties":{"PCON24CD":"E14001125","PCON24NM":"Brentwood and Ongar","PCON24NMW":null,"ObjectId":163,"name":"Brentwood and Ongar"}},{"type":null,"properties":{"PCON24CD":"E14001126","PCON24NM":"Bridgwater","PCON24NMW":null,"ObjectId":164,"name":"Bridgwater"}},{"type":null,"properties":{"PCON24CD":"E14001127","PCON24NM":"Bridlington and The Wolds","PCON24NMW":null,"ObjectId":165,"name":"Bridlington and The Wolds"}},{"type":null,"properties":{"PCON24CD":"E14001128","PCON24NM":"Brigg and Immingham","PCON24NMW":null,"ObjectId":166,"name":"Brigg and Immingham"}},{"type":null,"properties":{"PCON24CD":"E14001129","PCON24NM":"Brighton Kemptown and Peacehaven","PCON24NMW":null,"ObjectId":167,"name":"Brighton Kemptown and Peacehaven"}},{"type":null,"properties":{"PCON24CD":"E14001130","PCON24NM":"Brighton Pavilion","PCON24NMW":null,"ObjectId":168,"name":"Brighton Pavilion"}},{"type":null,"properties":{"PCON24CD":"E14001131","PCON24NM":"Bristol Central","PCON24NMW":null,"ObjectId":169,"name":"Bristol Central"}},{"type":null,"properties":{"PCON24CD":"E14001132","PCON24NM":"Bristol East","PCON24NMW":null,"ObjectId":170,"name":"Bristol East"}},{"type":null,"properties":{"PCON24CD":"E14001133","PCON24NM":"Bristol North East","PCON24NMW":null,"ObjectId":171,"name":"Bristol North East"}},{"type":null,"properties":{"PCON24CD":"E14001134","PCON24NM":"Bristol North West","PCON24NMW":null,"ObjectId":172,"name":"Bristol North West"}},{"type":null,"properties":{"PCON24CD":"E14001135","PCON24NM":"Bristol South","PCON24NMW":null,"ObjectId":173,"name":"Bristol South"}},{"type":null,"properties":{"PCON24CD":"E14001136","PCON24NM":"Broadland and Fakenham","PCON24NMW":null,"ObjectId":174,"name":"Broadland and Fakenham"}},{"type":null,"properties":{"PCON24CD":"E14001137","PCON24NM":"Bromley and Biggin Hill","PCON24NMW":null,"ObjectId":175,"name":"Bromley and Biggin Hill"}},{"type":null,"properties":{"PCON24CD":"E14001138","PCON24NM":"Bromsgrove","PCON24NMW":null,"ObjectId":176,"name":"Bromsgrove"}},{"type":null,"properties":{"PCON24CD":"E14001139","PCON24NM":"Broxbourne","PCON24NMW":null,"ObjectId":177,"name":"Broxbourne"}},{"type":null,"properties":{"PCON24CD":"E14001140","PCON24NM":"Broxtowe","PCON24NMW":null,"ObjectId":178,"name":"Broxtowe"}},{"type":null,"properties":{"PCON24CD":"E14001141","PCON24NM":"Buckingham and Bletchley","PCON24NMW":null,"ObjectId":179,"name":"Buckingham and Bletchley"}},{"type":null,"properties":{"PCON24CD":"E14001142","PCON24NM":"Burnley","PCON24NMW":null,"ObjectId":180,"name":"Burnley"}},{"type":null,"properties":{"PCON24CD":"E14001143","PCON24NM":"Burton and Uttoxeter","PCON24NMW":null,"ObjectId":181,"name":"Burton and Uttoxeter"}},{"type":null,"properties":{"PCON24CD":"E14001144","PCON24NM":"Bury North","PCON24NMW":null,"ObjectId":182,"name":"Bury North"}},{"type":null,"properties":{"PCON24CD":"E14001145","PCON24NM":"Bury South","PCON24NMW":null,"ObjectId":183,"name":"Bury South"}},{"type":null,"properties":{"PCON24CD":"E14001146","PCON24NM":"Bury St Edmunds and Stowmarket","PCON24NMW":null,"ObjectId":184,"name":"Bury St Edmunds and Stowmarket"}},{"type":null,"properties":{"PCON24CD":"E14001147","PCON24NM":"Calder Valley","PCON24NMW":null,"ObjectId":185,"name":"Calder Valley"}},{"type":null,"properties":{"PCON24CD":"E14001148","PCON24NM":"Camborne and Redruth","PCON24NMW":null,"ObjectId":186,"name":"Camborne and Redruth"}},{"type":null,"properties":{"PCON24CD":"E14001149","PCON24NM":"Cambridge","PCON24NMW":null,"ObjectId":187,"name":"Cambridge"}},{"type":null,"properties":{"PCON24CD":"E14001150","PCON24NM":"Cannock Chase","PCON24NMW":null,"ObjectId":188,"name":"Cannock Chase"}},{"type":null,"properties":{"PCON24CD":"E14001151","PCON24NM":"Canterbury","PCON24NMW":null,"ObjectId":189,"name":"Canterbury"}},{"type":null,"properties":{"PCON24CD":"E14001152","PCON24NM":"Carlisle","PCON24NMW":null,"ObjectId":190,"name":"Carlisle"}},{"type":null,"properties":{"PCON24CD":"E14001153","PCON24NM":"Carshalton and Wallington","PCON24NMW":null,"ObjectId":191,"name":"Carshalton and Wallington"}},{"type":null,"properties":{"PCON24CD":"E14001154","PCON24NM":"Castle Point","PCON24NMW":null,"ObjectId":192,"name":"Castle Point"}},{"type":null,"properties":{"PCON24CD":"E14001155","PCON24NM":"Central Devon","PCON24NMW":null,"ObjectId":193,"name":"Central Devon"}},{"type":null,"properties":{"PCON24CD":"E14001156","PCON24NM":"Central Suffolk and North Ipswich","PCON24NMW":null,"ObjectId":194,"name":"Central Suffolk and North Ipswich"}},{"type":null,"properties":{"PCON24CD":"E14001157","PCON24NM":"Chatham and Aylesford","PCON24NMW":null,"ObjectId":195,"name":"Chatham and Aylesford"}},{"type":null,"properties":{"PCON24CD":"E14001158","PCON24NM":"Cheadle","PCON24NMW":null,"ObjectId":196,"name":"Cheadle"}},{"type":null,"properties":{"PCON24CD":"E14001159","PCON24NM":"Chelmsford","PCON24NMW":null,"ObjectId":197,"name":"Chelmsford"}},{"type":null,"properties":{"PCON24CD":"E14001160","PCON24NM":"Chelsea and Fulham","PCON24NMW":null,"ObjectId":198,"name":"Chelsea and Fulham"}},{"type":null,"properties":{"PCON24CD":"E14001161","PCON24NM":"Cheltenham","PCON24NMW":null,"ObjectId":199,"name":"Cheltenham"}},{"type":null,"properties":{"PCON24CD":"E14001162","PCON24NM":"Chesham and Amersham","PCON24NMW":null,"ObjectId":200,"name":"Chesham and Amersham"}},{"type":null,"properties":{"PCON24CD":"E14001413","PCON24NM":"Nuneaton","PCON24NMW":null,"ObjectId":201,"name":"Nuneaton"}},{"type":null,"properties":{"PCON24CD":"E14001414","PCON24NM":"Old Bexley and Sidcup","PCON24NMW":null,"ObjectId":202,"name":"Old Bexley and Sidcup"}},{"type":null,"properties":{"PCON24CD":"E14001415","PCON24NM":"Oldham East and Saddleworth","PCON24NMW":null,"ObjectId":203,"name":"Oldham East and Saddleworth"}},{"type":null,"properties":{"PCON24CD":"E14001416","PCON24NM":"Oldham West, Chadderton and Royton","PCON24NMW":null,"ObjectId":204,"name":"Oldham West, Chadderton and Royton"}},{"type":null,"properties":{"PCON24CD":"E14001417","PCON24NM":"Orpington","PCON24NMW":null,"ObjectId":205,"name":"Orpington"}},{"type":null,"properties":{"PCON24CD":"E14001418","PCON24NM":"Ossett and Denby Dale","PCON24NMW":null,"ObjectId":206,"name":"Ossett and Denby Dale"}},{"type":null,"properties":{"PCON24CD":"E14001419","PCON24NM":"Oxford East","PCON24NMW":null,"ObjectId":207,"name":"Oxford East"}},{"type":null,"properties":{"PCON24CD":"E14001420","PCON24NM":"Oxford West and Abingdon","PCON24NMW":null,"ObjectId":208,"name":"Oxford West and Abingdon"}},{"type":null,"properties":{"PCON24CD":"E14001421","PCON24NM":"Peckham","PCON24NMW":null,"ObjectId":209,"name":"Peckham"}},{"type":null,"properties":{"PCON24CD":"E14001422","PCON24NM":"Pendle and Clitheroe","PCON24NMW":null,"ObjectId":210,"name":"Pendle and Clitheroe"}},{"type":null,"properties":{"PCON24CD":"E14001423","PCON24NM":"Penistone and Stocksbridge","PCON24NMW":null,"ObjectId":211,"name":"Penistone and Stocksbridge"}},{"type":null,"properties":{"PCON24CD":"E14001424","PCON24NM":"Penrith and Solway","PCON24NMW":null,"ObjectId":212,"name":"Penrith and Solway"}},{"type":null,"properties":{"PCON24CD":"E14001425","PCON24NM":"Peterborough","PCON24NMW":null,"ObjectId":213,"name":"Peterborough"}},{"type":null,"properties":{"PCON24CD":"E14001426","PCON24NM":"Plymouth Moor View","PCON24NMW":null,"ObjectId":214,"name":"Plymouth Moor View"}},{"type":null,"properties":{"PCON24CD":"E14001427","PCON24NM":"Plymouth Sutton and Devonport","PCON24NMW":null,"ObjectId":215,"name":"Plymouth Sutton and Devonport"}},{"type":null,"properties":{"PCON24CD":"E14001428","PCON24NM":"Pontefract, Castleford and Knottingley","PCON24NMW":null,"ObjectId":216,"name":"Pontefract, Castleford and Knottingley"}},{"type":null,"properties":{"PCON24CD":"E14001429","PCON24NM":"Poole","PCON24NMW":null,"ObjectId":217,"name":"Poole"}},{"type":null,"properties":{"PCON24CD":"E14001430","PCON24NM":"Poplar and Limehouse","PCON24NMW":null,"ObjectId":218,"name":"Poplar and Limehouse"}},{"type":null,"properties":{"PCON24CD":"E14001431","PCON24NM":"Portsmouth North","PCON24NMW":null,"ObjectId":219,"name":"Portsmouth North"}},{"type":null,"properties":{"PCON24CD":"E14001432","PCON24NM":"Portsmouth South","PCON24NMW":null,"ObjectId":220,"name":"Portsmouth South"}},{"type":null,"properties":{"PCON24CD":"E14001433","PCON24NM":"Preston","PCON24NMW":null,"ObjectId":221,"name":"Preston"}},{"type":null,"properties":{"PCON24CD":"E14001434","PCON24NM":"Putney","PCON24NMW":null,"ObjectId":222,"name":"Putney"}},{"type":null,"properties":{"PCON24CD":"E14001435","PCON24NM":"Queen's Park and Maida Vale","PCON24NMW":null,"ObjectId":223,"name":"Queen's Park and Maida Vale"}},{"type":null,"properties":{"PCON24CD":"E14001436","PCON24NM":"Rawmarsh and Conisbrough","PCON24NMW":null,"ObjectId":224,"name":"Rawmarsh and Conisbrough"}},{"type":null,"properties":{"PCON24CD":"E14001437","PCON24NM":"Rayleigh and Wickford","PCON24NMW":null,"ObjectId":225,"name":"Rayleigh and Wickford"}},{"type":null,"properties":{"PCON24CD":"E14001438","PCON24NM":"Reading Central","PCON24NMW":null,"ObjectId":226,"name":"Reading Central"}},{"type":null,"properties":{"PCON24CD":"E14001439","PCON24NM":"Reading West and Mid Berkshire","PCON24NMW":null,"ObjectId":227,"name":"Reading West and Mid Berkshire"}},{"type":null,"properties":{"PCON24CD":"E14001440","PCON24NM":"Redcar","PCON24NMW":null,"ObjectId":228,"name":"Redcar"}},{"type":null,"properties":{"PCON24CD":"E14001441","PCON24NM":"Redditch","PCON24NMW":null,"ObjectId":229,"name":"Redditch"}},{"type":null,"properties":{"PCON24CD":"E14001442","PCON24NM":"Reigate","PCON24NMW":null,"ObjectId":230,"name":"Reigate"}},{"type":null,"properties":{"PCON24CD":"E14001443","PCON24NM":"Ribble Valley","PCON24NMW":null,"ObjectId":231,"name":"Ribble Valley"}},{"type":null,"properties":{"PCON24CD":"E14001444","PCON24NM":"Richmond and Northallerton","PCON24NMW":null,"ObjectId":232,"name":"Richmond and Northallerton"}},{"type":null,"properties":{"PCON24CD":"E14001445","PCON24NM":"Richmond Park","PCON24NMW":null,"ObjectId":233,"name":"Richmond Park"}},{"type":null,"properties":{"PCON24CD":"E14001446","PCON24NM":"Rochdale","PCON24NMW":null,"ObjectId":234,"name":"Rochdale"}},{"type":null,"properties":{"PCON24CD":"E14001447","PCON24NM":"Rochester and Strood","PCON24NMW":null,"ObjectId":235,"name":"Rochester and Strood"}},{"type":null,"properties":{"PCON24CD":"E14001448","PCON24NM":"Romford","PCON24NMW":null,"ObjectId":236,"name":"Romford"}},{"type":null,"properties":{"PCON24CD":"E14001449","PCON24NM":"Romsey and Southampton North","PCON24NMW":null,"ObjectId":237,"name":"Romsey and Southampton North"}},{"type":null,"properties":{"PCON24CD":"E14001450","PCON24NM":"Rossendale and Darwen","PCON24NMW":null,"ObjectId":238,"name":"Rossendale and Darwen"}},{"type":null,"properties":{"PCON24CD":"E14001451","PCON24NM":"Rother Valley","PCON24NMW":null,"ObjectId":239,"name":"Rother Valley"}},{"type":null,"properties":{"PCON24CD":"E14001452","PCON24NM":"Rotherham","PCON24NMW":null,"ObjectId":240,"name":"Rotherham"}},{"type":null,"properties":{"PCON24CD":"E14001453","PCON24NM":"Rugby","PCON24NMW":null,"ObjectId":241,"name":"Rugby"}},{"type":null,"properties":{"PCON24CD":"E14001454","PCON24NM":"Ruislip, Northwood and Pinner","PCON24NMW":null,"ObjectId":242,"name":"Ruislip, Northwood and Pinner"}},{"type":null,"properties":{"PCON24CD":"E14001455","PCON24NM":"Runcorn and Helsby","PCON24NMW":null,"ObjectId":243,"name":"Runcorn and Helsby"}},{"type":null,"properties":{"PCON24CD":"E14001456","PCON24NM":"Runnymede and Weybridge","PCON24NMW":null,"ObjectId":244,"name":"Runnymede and Weybridge"}},{"type":null,"properties":{"PCON24CD":"E14001457","PCON24NM":"Rushcliffe","PCON24NMW":null,"ObjectId":245,"name":"Rushcliffe"}},{"type":null,"properties":{"PCON24CD":"E14001458","PCON24NM":"Rutland and Stamford","PCON24NMW":null,"ObjectId":246,"name":"Rutland and Stamford"}},{"type":null,"properties":{"PCON24CD":"E14001459","PCON24NM":"Salford","PCON24NMW":null,"ObjectId":247,"name":"Salford"}},{"type":null,"properties":{"PCON24CD":"E14001460","PCON24NM":"Salisbury","PCON24NMW":null,"ObjectId":248,"name":"Salisbury"}},{"type":null,"properties":{"PCON24CD":"E14001461","PCON24NM":"Scarborough and Whitby","PCON24NMW":null,"ObjectId":249,"name":"Scarborough and Whitby"}},{"type":null,"properties":{"PCON24CD":"E14001462","PCON24NM":"Scunthorpe","PCON24NMW":null,"ObjectId":250,"name":"Scunthorpe"}},{"type":null,"properties":{"PCON24CD":"E14001213","PCON24NM":"East Ham","PCON24NMW":null,"ObjectId":251,"name":"East Ham"}},{"type":null,"properties":{"PCON24CD":"E14001214","PCON24NM":"East Hampshire","PCON24NMW":null,"ObjectId":252,"name":"East Hampshire"}},{"type":null,"properties":{"PCON24CD":"E14001215","PCON24NM":"East Surrey","PCON24NMW":null,"ObjectId":253,"name":"East Surrey"}},{"type":null,"properties":{"PCON24CD":"E14001216","PCON24NM":"East Thanet","PCON24NMW":null,"ObjectId":254,"name":"East Thanet"}},{"type":null,"properties":{"PCON24CD":"E14001217","PCON24NM":"East Wiltshire","PCON24NMW":null,"ObjectId":255,"name":"East Wiltshire"}},{"type":null,"properties":{"PCON24CD":"E14001218","PCON24NM":"East Worthing and Shoreham","PCON24NMW":null,"ObjectId":256,"name":"East Worthing and Shoreham"}},{"type":null,"properties":{"PCON24CD":"E14001219","PCON24NM":"Eastbourne","PCON24NMW":null,"ObjectId":257,"name":"Eastbourne"}},{"type":null,"properties":{"PCON24CD":"E14001220","PCON24NM":"Eastleigh","PCON24NMW":null,"ObjectId":258,"name":"Eastleigh"}},{"type":null,"properties":{"PCON24CD":"E14001221","PCON24NM":"Edmonton and Winchmore Hill","PCON24NMW":null,"ObjectId":259,"name":"Edmonton and Winchmore Hill"}},{"type":null,"properties":{"PCON24CD":"E14001222","PCON24NM":"Ellesmere Port and Bromborough","PCON24NMW":null,"ObjectId":260,"name":"Ellesmere Port and Bromborough"}},{"type":null,"properties":{"PCON24CD":"E14001223","PCON24NM":"Eltham and Chislehurst","PCON24NMW":null,"ObjectId":261,"name":"Eltham and Chislehurst"}},{"type":null,"properties":{"PCON24CD":"E14001224","PCON24NM":"Ely and East Cambridgeshire","PCON24NMW":null,"ObjectId":262,"name":"Ely and East Cambridgeshire"}},{"type":null,"properties":{"PCON24CD":"E14001225","PCON24NM":"Enfield North","PCON24NMW":null,"ObjectId":263,"name":"Enfield North"}},{"type":null,"properties":{"PCON24CD":"E14001226","PCON24NM":"Epping Forest","PCON24NMW":null,"ObjectId":264,"name":"Epping Forest"}},{"type":null,"properties":{"PCON24CD":"E14001227","PCON24NM":"Epsom and Ewell","PCON24NMW":null,"ObjectId":265,"name":"Epsom and Ewell"}},{"type":null,"properties":{"PCON24CD":"E14001228","PCON24NM":"Erewash","PCON24NMW":null,"ObjectId":266,"name":"Erewash"}},{"type":null,"properties":{"PCON24CD":"E14001229","PCON24NM":"Erith and Thamesmead","PCON24NMW":null,"ObjectId":267,"name":"Erith and Thamesmead"}},{"type":null,"properties":{"PCON24CD":"E14001230","PCON24NM":"Esher and Walton","PCON24NMW":null,"ObjectId":268,"name":"Esher and Walton"}},{"type":null,"properties":{"PCON24CD":"E14001231","PCON24NM":"Exeter","PCON24NMW":null,"ObjectId":269,"name":"Exeter"}},{"type":null,"properties":{"PCON24CD":"E14001232","PCON24NM":"Exmouth and Exeter East","PCON24NMW":null,"ObjectId":270,"name":"Exmouth and Exeter East"}},{"type":null,"properties":{"PCON24CD":"E14001233","PCON24NM":"Fareham and Waterlooville","PCON24NMW":null,"ObjectId":271,"name":"Fareham and Waterlooville"}},{"type":null,"properties":{"PCON24CD":"E14001234","PCON24NM":"Farnham and Bordon","PCON24NMW":null,"ObjectId":272,"name":"Farnham and Bordon"}},{"type":null,"properties":{"PCON24CD":"E14001235","PCON24NM":"Faversham and Mid Kent","PCON24NMW":null,"ObjectId":273,"name":"Faversham and Mid Kent"}},{"type":null,"properties":{"PCON24CD":"E14001236","PCON24NM":"Feltham and Heston","PCON24NMW":null,"ObjectId":274,"name":"Feltham and Heston"}},{"type":null,"properties":{"PCON24CD":"E14001237","PCON24NM":"Filton and Bradley Stoke","PCON24NMW":null,"ObjectId":275,"name":"Filton and Bradley Stoke"}},{"type":null,"properties":{"PCON24CD":"E14001238","PCON24NM":"Finchley and Golders Green","PCON24NMW":null,"ObjectId":276,"name":"Finchley and Golders Green"}},{"type":null,"properties":{"PCON24CD":"E14001239","PCON24NM":"Folkestone and Hythe","PCON24NMW":null,"ObjectId":277,"name":"Folkestone and Hythe"}},{"type":null,"properties":{"PCON24CD":"E14001240","PCON24NM":"Forest of Dean","PCON24NMW":null,"ObjectId":278,"name":"Forest of Dean"}},{"type":null,"properties":{"PCON24CD":"E14001241","PCON24NM":"Frome and East Somerset","PCON24NMW":null,"ObjectId":279,"name":"Frome and East Somerset"}},{"type":null,"properties":{"PCON24CD":"E14001242","PCON24NM":"Fylde","PCON24NMW":null,"ObjectId":280,"name":"Fylde"}},{"type":null,"properties":{"PCON24CD":"E14001243","PCON24NM":"Gainsborough","PCON24NMW":null,"ObjectId":281,"name":"Gainsborough"}},{"type":null,"properties":{"PCON24CD":"E14001244","PCON24NM":"Gateshead Central and Whickham","PCON24NMW":null,"ObjectId":282,"name":"Gateshead Central and Whickham"}},{"type":null,"properties":{"PCON24CD":"E14001245","PCON24NM":"Gedling","PCON24NMW":null,"ObjectId":283,"name":"Gedling"}},{"type":null,"properties":{"PCON24CD":"E14001246","PCON24NM":"Gillingham and Rainham","PCON24NMW":null,"ObjectId":284,"name":"Gillingham and Rainham"}},{"type":null,"properties":{"PCON24CD":"E14001247","PCON24NM":"Glastonbury and Somerton","PCON24NMW":null,"ObjectId":285,"name":"Glastonbury and Somerton"}},{"type":null,"properties":{"PCON24CD":"E14001248","PCON24NM":"Gloucester","PCON24NMW":null,"ObjectId":286,"name":"Gloucester"}},{"type":null,"properties":{"PCON24CD":"E14001249","PCON24NM":"Godalming and Ash","PCON24NMW":null,"ObjectId":287,"name":"Godalming and Ash"}},{"type":null,"properties":{"PCON24CD":"E14001250","PCON24NM":"Goole and Pocklington","PCON24NMW":null,"ObjectId":288,"name":"Goole and Pocklington"}},{"type":null,"properties":{"PCON24CD":"E14001251","PCON24NM":"Gorton and Denton","PCON24NMW":null,"ObjectId":289,"name":"Gorton and Denton"}},{"type":null,"properties":{"PCON24CD":"E14001252","PCON24NM":"Gosport","PCON24NMW":null,"ObjectId":290,"name":"Gosport"}},{"type":null,"properties":{"PCON24CD":"E14001253","PCON24NM":"Grantham and Bourne","PCON24NMW":null,"ObjectId":291,"name":"Grantham and Bourne"}},{"type":null,"properties":{"PCON24CD":"E14001254","PCON24NM":"Gravesham","PCON24NMW":null,"ObjectId":292,"name":"Gravesham"}},{"type":null,"properties":{"PCON24CD":"E14001255","PCON24NM":"Great Grimsby and Cleethorpes","PCON24NMW":null,"ObjectId":293,"name":"Great Grimsby and Cleethorpes"}},{"type":null,"properties":{"PCON24CD":"E14001256","PCON24NM":"Great Yarmouth","PCON24NMW":null,"ObjectId":294,"name":"Great Yarmouth"}},{"type":null,"properties":{"PCON24CD":"E14001257","PCON24NM":"Greenwich and Woolwich","PCON24NMW":null,"ObjectId":295,"name":"Greenwich and Woolwich"}},{"type":null,"properties":{"PCON24CD":"E14001258","PCON24NM":"Guildford","PCON24NMW":null,"ObjectId":296,"name":"Guildford"}},{"type":null,"properties":{"PCON24CD":"E14001259","PCON24NM":"Hackney North and Stoke Newington","PCON24NMW":null,"ObjectId":297,"name":"Hackney North and Stoke Newington"}},{"type":null,"properties":{"PCON24CD":"E14001260","PCON24NM":"Hackney South and Shoreditch","PCON24NMW":null,"ObjectId":298,"name":"Hackney South and Shoreditch"}},{"type":null,"properties":{"PCON24CD":"E14001261","PCON24NM":"Halesowen","PCON24NMW":null,"ObjectId":299,"name":"Halesowen"}},{"type":null,"properties":{"PCON24CD":"E14001262","PCON24NM":"Halifax","PCON24NMW":null,"ObjectId":300,"name":"Halifax"}},{"type":null,"properties":{"PCON24CD":"E14001313","PCON24NM":"Kingston upon Hull East","PCON24NMW":null,"ObjectId":301,"name":"Kingston upon Hull East"}},{"type":null,"properties":{"PCON24CD":"E14001314","PCON24NM":"Kingston upon Hull North and Cottingham","PCON24NMW":null,"ObjectId":302,"name":"Kingston upon Hull North and Cottingham"}},{"type":null,"properties":{"PCON24CD":"E14001315","PCON24NM":"Kingston upon Hull West and Haltemprice","PCON24NMW":null,"ObjectId":303,"name":"Kingston upon Hull West and Haltemprice"}},{"type":null,"properties":{"PCON24CD":"E14001316","PCON24NM":"Kingswinford and South Staffordshire","PCON24NMW":null,"ObjectId":304,"name":"Kingswinford and South Staffordshire"}},{"type":null,"properties":{"PCON24CD":"E14001317","PCON24NM":"Knowsley","PCON24NMW":null,"ObjectId":305,"name":"Knowsley"}},{"type":null,"properties":{"PCON24CD":"E14001318","PCON24NM":"Lancaster and Wyre","PCON24NMW":null,"ObjectId":306,"name":"Lancaster and Wyre"}},{"type":null,"properties":{"PCON24CD":"E14001319","PCON24NM":"Leeds Central and Headingley","PCON24NMW":null,"ObjectId":307,"name":"Leeds Central and Headingley"}},{"type":null,"properties":{"PCON24CD":"E14001320","PCON24NM":"Leeds East","PCON24NMW":null,"ObjectId":308,"name":"Leeds East"}},{"type":null,"properties":{"PCON24CD":"E14001321","PCON24NM":"Leeds North East","PCON24NMW":null,"ObjectId":309,"name":"Leeds North East"}},{"type":null,"properties":{"PCON24CD":"E14001322","PCON24NM":"Leeds North West","PCON24NMW":null,"ObjectId":310,"name":"Leeds North West"}},{"type":null,"properties":{"PCON24CD":"E14001323","PCON24NM":"Leeds South","PCON24NMW":null,"ObjectId":311,"name":"Leeds South"}},{"type":null,"properties":{"PCON24CD":"E14001324","PCON24NM":"Leeds South West and Morley","PCON24NMW":null,"ObjectId":312,"name":"Leeds South West and Morley"}},{"type":null,"properties":{"PCON24CD":"E14001325","PCON24NM":"Leeds West and Pudsey","PCON24NMW":null,"ObjectId":313,"name":"Leeds West and Pudsey"}},{"type":null,"properties":{"PCON24CD":"E14001326","PCON24NM":"Leicester East","PCON24NMW":null,"ObjectId":314,"name":"Leicester East"}},{"type":null,"properties":{"PCON24CD":"E14001327","PCON24NM":"Leicester South","PCON24NMW":null,"ObjectId":315,"name":"Leicester South"}},{"type":null,"properties":{"PCON24CD":"E14001328","PCON24NM":"Leicester West","PCON24NMW":null,"ObjectId":316,"name":"Leicester West"}},{"type":null,"properties":{"PCON24CD":"E14001329","PCON24NM":"Leigh and Atherton","PCON24NMW":null,"ObjectId":317,"name":"Leigh and Atherton"}},{"type":null,"properties":{"PCON24CD":"E14001330","PCON24NM":"Lewes","PCON24NMW":null,"ObjectId":318,"name":"Lewes"}},{"type":null,"properties":{"PCON24CD":"E14001331","PCON24NM":"Lewisham East","PCON24NMW":null,"ObjectId":319,"name":"Lewisham East"}},{"type":null,"properties":{"PCON24CD":"E14001332","PCON24NM":"Lewisham North","PCON24NMW":null,"ObjectId":320,"name":"Lewisham North"}},{"type":null,"properties":{"PCON24CD":"E14001333","PCON24NM":"Lewisham West and East Dulwich","PCON24NMW":null,"ObjectId":321,"name":"Lewisham West and East Dulwich"}},{"type":null,"properties":{"PCON24CD":"E14001334","PCON24NM":"Leyton and Wanstead","PCON24NMW":null,"ObjectId":322,"name":"Leyton and Wanstead"}},{"type":null,"properties":{"PCON24CD":"E14001335","PCON24NM":"Lichfield","PCON24NMW":null,"ObjectId":323,"name":"Lichfield"}},{"type":null,"properties":{"PCON24CD":"E14001336","PCON24NM":"Lincoln","PCON24NMW":null,"ObjectId":324,"name":"Lincoln"}},{"type":null,"properties":{"PCON24CD":"E14001337","PCON24NM":"Liverpool Garston","PCON24NMW":null,"ObjectId":325,"name":"Liverpool Garston"}},{"type":null,"properties":{"PCON24CD":"E14001338","PCON24NM":"Liverpool Riverside","PCON24NMW":null,"ObjectId":326,"name":"Liverpool Riverside"}},{"type":null,"properties":{"PCON24CD":"E14001339","PCON24NM":"Liverpool Walton","PCON24NMW":null,"ObjectId":327,"name":"Liverpool Walton"}},{"type":null,"properties":{"PCON24CD":"E14001340","PCON24NM":"Liverpool Wavertree","PCON24NMW":null,"ObjectId":328,"name":"Liverpool Wavertree"}},{"type":null,"properties":{"PCON24CD":"E14001341","PCON24NM":"Liverpool West Derby","PCON24NMW":null,"ObjectId":329,"name":"Liverpool West Derby"}},{"type":null,"properties":{"PCON24CD":"E14001342","PCON24NM":"Loughborough","PCON24NMW":null,"ObjectId":330,"name":"Loughborough"}},{"type":null,"properties":{"PCON24CD":"E14001343","PCON24NM":"Louth and Horncastle","PCON24NMW":null,"ObjectId":331,"name":"Louth and Horncastle"}},{"type":null,"properties":{"PCON24CD":"E14001344","PCON24NM":"Lowestoft","PCON24NMW":null,"ObjectId":332,"name":"Lowestoft"}},{"type":null,"properties":{"PCON24CD":"E14001345","PCON24NM":"Luton North","PCON24NMW":null,"ObjectId":333,"name":"Luton North"}},{"type":null,"properties":{"PCON24CD":"E14001346","PCON24NM":"Luton South and South Bedfordshire","PCON24NMW":null,"ObjectId":334,"name":"Luton South and South Bedfordshire"}},{"type":null,"properties":{"PCON24CD":"E14001347","PCON24NM":"Macclesfield","PCON24NMW":null,"ObjectId":335,"name":"Macclesfield"}},{"type":null,"properties":{"PCON24CD":"E14001348","PCON24NM":"Maidenhead","PCON24NMW":null,"ObjectId":336,"name":"Maidenhead"}},{"type":null,"properties":{"PCON24CD":"E14001349","PCON24NM":"Maidstone and Malling","PCON24NMW":null,"ObjectId":337,"name":"Maidstone and Malling"}},{"type":null,"properties":{"PCON24CD":"E14001350","PCON24NM":"Makerfield","PCON24NMW":null,"ObjectId":338,"name":"Makerfield"}},{"type":null,"properties":{"PCON24CD":"E14001351","PCON24NM":"Maldon","PCON24NMW":null,"ObjectId":339,"name":"Maldon"}},{"type":null,"properties":{"PCON24CD":"E14001352","PCON24NM":"Manchester Central","PCON24NMW":null,"ObjectId":340,"name":"Manchester Central"}},{"type":null,"properties":{"PCON24CD":"E14001353","PCON24NM":"Manchester Rusholme","PCON24NMW":null,"ObjectId":341,"name":"Manchester Rusholme"}},{"type":null,"properties":{"PCON24CD":"E14001354","PCON24NM":"Manchester Withington","PCON24NMW":null,"ObjectId":342,"name":"Manchester Withington"}},{"type":null,"properties":{"PCON24CD":"E14001355","PCON24NM":"Mansfield","PCON24NMW":null,"ObjectId":343,"name":"Mansfield"}},{"type":null,"properties":{"PCON24CD":"E14001356","PCON24NM":"Melksham and Devizes","PCON24NMW":null,"ObjectId":344,"name":"Melksham and Devizes"}},{"type":null,"properties":{"PCON24CD":"E14001357","PCON24NM":"Melton and Syston","PCON24NMW":null,"ObjectId":345,"name":"Melton and Syston"}},{"type":null,"properties":{"PCON24CD":"E14001358","PCON24NM":"Meriden and Solihull East","PCON24NMW":null,"ObjectId":346,"name":"Meriden and Solihull East"}},{"type":null,"properties":{"PCON24CD":"E14001359","PCON24NM":"Mid Bedfordshire","PCON24NMW":null,"ObjectId":347,"name":"Mid Bedfordshire"}},{"type":null,"properties":{"PCON24CD":"E14001360","PCON24NM":"Mid Buckinghamshire","PCON24NMW":null,"ObjectId":348,"name":"Mid Buckinghamshire"}},{"type":null,"properties":{"PCON24CD":"E14001361","PCON24NM":"Mid Cheshire","PCON24NMW":null,"ObjectId":349,"name":"Mid Cheshire"}},{"type":null,"properties":{"PCON24CD":"E14001362","PCON24NM":"Mid Derbyshire","PCON24NMW":null,"ObjectId":350,"name":"Mid Derbyshire"}},{"type":null,"properties":{"PCON24CD":"E14001363","PCON24NM":"Mid Dorset and North Poole","PCON24NMW":null,"ObjectId":351,"name":"Mid Dorset and North Poole"}},{"type":null,"properties":{"PCON24CD":"E14001364","PCON24NM":"Mid Leicestershire","PCON24NMW":null,"ObjectId":352,"name":"Mid Leicestershire"}},{"type":null,"properties":{"PCON24CD":"E14001365","PCON24NM":"Mid Norfolk","PCON24NMW":null,"ObjectId":353,"name":"Mid Norfolk"}},{"type":null,"properties":{"PCON24CD":"E14001366","PCON24NM":"Mid Sussex","PCON24NMW":null,"ObjectId":354,"name":"Mid Sussex"}},{"type":null,"properties":{"PCON24CD":"E14001367","PCON24NM":"Middlesbrough and Thornaby East","PCON24NMW":null,"ObjectId":355,"name":"Middlesbrough and Thornaby East"}},{"type":null,"properties":{"PCON24CD":"E14001368","PCON24NM":"Middlesbrough South and East Cleveland","PCON24NMW":null,"ObjectId":356,"name":"Middlesbrough South and East Cleveland"}},{"type":null,"properties":{"PCON24CD":"E14001369","PCON24NM":"Milton Keynes Central","PCON24NMW":null,"ObjectId":357,"name":"Milton Keynes Central"}},{"type":null,"properties":{"PCON24CD":"E14001370","PCON24NM":"Milton Keynes North","PCON24NMW":null,"ObjectId":358,"name":"Milton Keynes North"}},{"type":null,"properties":{"PCON24CD":"E14001371","PCON24NM":"Mitcham and Morden","PCON24NMW":null,"ObjectId":359,"name":"Mitcham and Morden"}},{"type":null,"properties":{"PCON24CD":"E14001372","PCON24NM":"Morecambe and Lunesdale","PCON24NMW":null,"ObjectId":360,"name":"Morecambe and Lunesdale"}},{"type":null,"properties":{"PCON24CD":"E14001373","PCON24NM":"New Forest East","PCON24NMW":null,"ObjectId":361,"name":"New Forest East"}},{"type":null,"properties":{"PCON24CD":"E14001374","PCON24NM":"New Forest West","PCON24NMW":null,"ObjectId":362,"name":"New Forest West"}},{"type":null,"properties":{"PCON24CD":"E14001375","PCON24NM":"Newark","PCON24NMW":null,"ObjectId":363,"name":"Newark"}},{"type":null,"properties":{"PCON24CD":"E14001376","PCON24NM":"Newbury","PCON24NMW":null,"ObjectId":364,"name":"Newbury"}},{"type":null,"properties":{"PCON24CD":"E14001377","PCON24NM":"Newcastle upon Tyne Central and West","PCON24NMW":null,"ObjectId":365,"name":"Newcastle upon Tyne Central and West"}},{"type":null,"properties":{"PCON24CD":"E14001378","PCON24NM":"Newcastle upon Tyne East and Wallsend","PCON24NMW":null,"ObjectId":366,"name":"Newcastle upon Tyne East and Wallsend"}},{"type":null,"properties":{"PCON24CD":"E14001379","PCON24NM":"Newcastle upon Tyne North","PCON24NMW":null,"ObjectId":367,"name":"Newcastle upon Tyne North"}},{"type":null,"properties":{"PCON24CD":"E14001380","PCON24NM":"Newcastle-under-Lyme","PCON24NMW":null,"ObjectId":368,"name":"Newcastle-under-Lyme"}},{"type":null,"properties":{"PCON24CD":"E14001381","PCON24NM":"Newton Abbot","PCON24NMW":null,"ObjectId":369,"name":"Newton Abbot"}},{"type":null,"properties":{"PCON24CD":"E14001382","PCON24NM":"Newton Aycliffe and Spennymoor","PCON24NMW":null,"ObjectId":370,"name":"Newton Aycliffe and Spennymoor"}},{"type":null,"properties":{"PCON24CD":"E14001383","PCON24NM":"Normanton and Hemsworth","PCON24NMW":null,"ObjectId":371,"name":"Normanton and Hemsworth"}},{"type":null,"properties":{"PCON24CD":"E14001384","PCON24NM":"North Bedfordshire","PCON24NMW":null,"ObjectId":372,"name":"North Bedfordshire"}},{"type":null,"properties":{"PCON24CD":"E14001385","PCON24NM":"North Cornwall","PCON24NMW":null,"ObjectId":373,"name":"North Cornwall"}},{"type":null,"properties":{"PCON24CD":"E14001386","PCON24NM":"North Cotswolds","PCON24NMW":null,"ObjectId":374,"name":"North Cotswolds"}},{"type":null,"properties":{"PCON24CD":"E14001387","PCON24NM":"North Devon","PCON24NMW":null,"ObjectId":375,"name":"North Devon"}},{"type":null,"properties":{"PCON24CD":"E14001388","PCON24NM":"North Dorset","PCON24NMW":null,"ObjectId":376,"name":"North Dorset"}},{"type":null,"properties":{"PCON24CD":"E14001389","PCON24NM":"North Durham","PCON24NMW":null,"ObjectId":377,"name":"North Durham"}},{"type":null,"properties":{"PCON24CD":"E14001390","PCON24NM":"North East Cambridgeshire","PCON24NMW":null,"ObjectId":378,"name":"North East Cambridgeshire"}},{"type":null,"properties":{"PCON24CD":"E14001391","PCON24NM":"North East Derbyshire","PCON24NMW":null,"ObjectId":379,"name":"North East Derbyshire"}},{"type":null,"properties":{"PCON24CD":"E14001392","PCON24NM":"North East Hampshire","PCON24NMW":null,"ObjectId":380,"name":"North East Hampshire"}},{"type":null,"properties":{"PCON24CD":"E14001393","PCON24NM":"North East Hertfordshire","PCON24NMW":null,"ObjectId":381,"name":"North East Hertfordshire"}},{"type":null,"properties":{"PCON24CD":"E14001394","PCON24NM":"North East Somerset and Hanham","PCON24NMW":null,"ObjectId":382,"name":"North East Somerset and Hanham"}},{"type":null,"properties":{"PCON24CD":"E14001395","PCON24NM":"North Herefordshire","PCON24NMW":null,"ObjectId":383,"name":"North Herefordshire"}},{"type":null,"properties":{"PCON24CD":"E14001396","PCON24NM":"North Norfolk","PCON24NMW":null,"ObjectId":384,"name":"North Norfolk"}},{"type":null,"properties":{"PCON24CD":"E14001397","PCON24NM":"North Northumberland","PCON24NMW":null,"ObjectId":385,"name":"North Northumberland"}},{"type":null,"properties":{"PCON24CD":"E14001398","PCON24NM":"North Shropshire","PCON24NMW":null,"ObjectId":386,"name":"North Shropshire"}},{"type":null,"properties":{"PCON24CD":"E14001399","PCON24NM":"North Somerset","PCON24NMW":null,"ObjectId":387,"name":"North Somerset"}},{"type":null,"properties":{"PCON24CD":"E14001400","PCON24NM":"North Warwickshire and Bedworth","PCON24NMW":null,"ObjectId":388,"name":"North Warwickshire and Bedworth"}},{"type":null,"properties":{"PCON24CD":"E14001401","PCON24NM":"North West Cambridgeshire","PCON24NMW":null,"ObjectId":389,"name":"North West Cambridgeshire"}},{"type":null,"properties":{"PCON24CD":"E14001402","PCON24NM":"North West Essex","PCON24NMW":null,"ObjectId":390,"name":"North West Essex"}},{"type":null,"properties":{"PCON24CD":"E14001403","PCON24NM":"North West Hampshire","PCON24NMW":null,"ObjectId":391,"name":"North West Hampshire"}},{"type":null,"properties":{"PCON24CD":"E14001404","PCON24NM":"North West Leicestershire","PCON24NMW":null,"ObjectId":392,"name":"North West Leicestershire"}},{"type":null,"properties":{"PCON24CD":"E14001405","PCON24NM":"North West Norfolk","PCON24NMW":null,"ObjectId":393,"name":"North West Norfolk"}},{"type":null,"properties":{"PCON24CD":"E14001406","PCON24NM":"Northampton North","PCON24NMW":null,"ObjectId":394,"name":"Northampton North"}},{"type":null,"properties":{"PCON24CD":"E14001407","PCON24NM":"Northampton South","PCON24NMW":null,"ObjectId":395,"name":"Northampton South"}},{"type":null,"properties":{"PCON24CD":"E14001408","PCON24NM":"Norwich North","PCON24NMW":null,"ObjectId":396,"name":"Norwich North"}},{"type":null,"properties":{"PCON24CD":"E14001409","PCON24NM":"Norwich South","PCON24NMW":null,"ObjectId":397,"name":"Norwich South"}},{"type":null,"properties":{"PCON24CD":"E14001410","PCON24NM":"Nottingham East","PCON24NMW":null,"ObjectId":398,"name":"Nottingham East"}},{"type":null,"properties":{"PCON24CD":"E14001411","PCON24NM":"Nottingham North and Kimberley","PCON24NMW":null,"ObjectId":399,"name":"Nottingham North and Kimberley"}},{"type":null,"properties":{"PCON24CD":"E14001412","PCON24NM":"Nottingham South","PCON24NMW":null,"ObjectId":400,"name":"Nottingham South"}},{"type":null,"properties":{"PCON24CD":"E14001463","PCON24NM":"Sefton Central","PCON24NMW":null,"ObjectId":401,"name":"Sefton Central"}},{"type":null,"properties":{"PCON24CD":"E14001464","PCON24NM":"Selby","PCON24NMW":null,"ObjectId":402,"name":"Selby"}},{"type":null,"properties":{"PCON24CD":"E14001465","PCON24NM":"Sevenoaks","PCON24NMW":null,"ObjectId":403,"name":"Sevenoaks"}},{"type":null,"properties":{"PCON24CD":"E14001466","PCON24NM":"Sheffield Brightside and Hillsborough","PCON24NMW":null,"ObjectId":404,"name":"Sheffield Brightside and Hillsborough"}},{"type":null,"properties":{"PCON24CD":"E14001467","PCON24NM":"Sheffield Central","PCON24NMW":null,"ObjectId":405,"name":"Sheffield Central"}},{"type":null,"properties":{"PCON24CD":"E14001468","PCON24NM":"Sheffield Hallam","PCON24NMW":null,"ObjectId":406,"name":"Sheffield Hallam"}},{"type":null,"properties":{"PCON24CD":"E14001469","PCON24NM":"Sheffield Heeley","PCON24NMW":null,"ObjectId":407,"name":"Sheffield Heeley"}},{"type":null,"properties":{"PCON24CD":"E14001470","PCON24NM":"Sheffield South East","PCON24NMW":null,"ObjectId":408,"name":"Sheffield South East"}},{"type":null,"properties":{"PCON24CD":"E14001471","PCON24NM":"Sherwood Forest","PCON24NMW":null,"ObjectId":409,"name":"Sherwood Forest"}},{"type":null,"properties":{"PCON24CD":"E14001472","PCON24NM":"Shipley","PCON24NMW":null,"ObjectId":410,"name":"Shipley"}},{"type":null,"properties":{"PCON24CD":"E14001473","PCON24NM":"Shrewsbury","PCON24NMW":null,"ObjectId":411,"name":"Shrewsbury"}},{"type":null,"properties":{"PCON24CD":"E14001474","PCON24NM":"Sittingbourne and Sheppey","PCON24NMW":null,"ObjectId":412,"name":"Sittingbourne and Sheppey"}},{"type":null,"properties":{"PCON24CD":"E14001475","PCON24NM":"Skipton and Ripon","PCON24NMW":null,"ObjectId":413,"name":"Skipton and Ripon"}},{"type":null,"properties":{"PCON24CD":"E14001476","PCON24NM":"Sleaford and North Hykeham","PCON24NMW":null,"ObjectId":414,"name":"Sleaford and North Hykeham"}},{"type":null,"properties":{"PCON24CD":"E14001477","PCON24NM":"Slough","PCON24NMW":null,"ObjectId":415,"name":"Slough"}},{"type":null,"properties":{"PCON24CD":"E14001478","PCON24NM":"Smethwick","PCON24NMW":null,"ObjectId":416,"name":"Smethwick"}},{"type":null,"properties":{"PCON24CD":"E14001479","PCON24NM":"Solihull West and Shirley","PCON24NMW":null,"ObjectId":417,"name":"Solihull West and Shirley"}},{"type":null,"properties":{"PCON24CD":"E14001480","PCON24NM":"South Basildon and East Thurrock","PCON24NMW":null,"ObjectId":418,"name":"South Basildon and East Thurrock"}},{"type":null,"properties":{"PCON24CD":"E14001481","PCON24NM":"South Cambridgeshire","PCON24NMW":null,"ObjectId":419,"name":"South Cambridgeshire"}},{"type":null,"properties":{"PCON24CD":"E14001482","PCON24NM":"South Cotswolds","PCON24NMW":null,"ObjectId":420,"name":"South Cotswolds"}},{"type":null,"properties":{"PCON24CD":"E14001483","PCON24NM":"South Derbyshire","PCON24NMW":null,"ObjectId":421,"name":"South Derbyshire"}},{"type":null,"properties":{"PCON24CD":"E14001484","PCON24NM":"South Devon","PCON24NMW":null,"ObjectId":422,"name":"South Devon"}},{"type":null,"properties":{"PCON24CD":"E14001485","PCON24NM":"South Dorset","PCON24NMW":null,"ObjectId":423,"name":"South Dorset"}},{"type":null,"properties":{"PCON24CD":"E14001486","PCON24NM":"South East Cornwall","PCON24NMW":null,"ObjectId":424,"name":"South East Cornwall"}},{"type":null,"properties":{"PCON24CD":"E14001487","PCON24NM":"South Holland and The Deepings","PCON24NMW":null,"ObjectId":425,"name":"South Holland and The Deepings"}},{"type":null,"properties":{"PCON24CD":"E14001488","PCON24NM":"South Leicestershire","PCON24NMW":null,"ObjectId":426,"name":"South Leicestershire"}},{"type":null,"properties":{"PCON24CD":"E14001489","PCON24NM":"South Norfolk","PCON24NMW":null,"ObjectId":427,"name":"South Norfolk"}},{"type":null,"properties":{"PCON24CD":"E14001490","PCON24NM":"South Northamptonshire","PCON24NMW":null,"ObjectId":428,"name":"South Northamptonshire"}},{"type":null,"properties":{"PCON24CD":"E14001491","PCON24NM":"South Ribble","PCON24NMW":null,"ObjectId":429,"name":"South Ribble"}},{"type":null,"properties":{"PCON24CD":"E14001492","PCON24NM":"South Shields","PCON24NMW":null,"ObjectId":430,"name":"South Shields"}},{"type":null,"properties":{"PCON24CD":"E14001493","PCON24NM":"South Shropshire","PCON24NMW":null,"ObjectId":431,"name":"South Shropshire"}},{"type":null,"properties":{"PCON24CD":"E14001494","PCON24NM":"South Suffolk","PCON24NMW":null,"ObjectId":432,"name":"South Suffolk"}},{"type":null,"properties":{"PCON24CD":"E14001495","PCON24NM":"South West Devon","PCON24NMW":null,"ObjectId":433,"name":"South West Devon"}},{"type":null,"properties":{"PCON24CD":"E14001496","PCON24NM":"South West Hertfordshire","PCON24NMW":null,"ObjectId":434,"name":"South West Hertfordshire"}},{"type":null,"properties":{"PCON24CD":"E14001497","PCON24NM":"South West Norfolk","PCON24NMW":null,"ObjectId":435,"name":"South West Norfolk"}},{"type":null,"properties":{"PCON24CD":"E14001498","PCON24NM":"South West Wiltshire","PCON24NMW":null,"ObjectId":436,"name":"South West Wiltshire"}},{"type":null,"properties":{"PCON24CD":"E14001499","PCON24NM":"Southampton Itchen","PCON24NMW":null,"ObjectId":437,"name":"Southampton Itchen"}},{"type":null,"properties":{"PCON24CD":"E14001500","PCON24NM":"Southampton Test","PCON24NMW":null,"ObjectId":438,"name":"Southampton Test"}},{"type":null,"properties":{"PCON24CD":"E14001501","PCON24NM":"Southend East and Rochford","PCON24NMW":null,"ObjectId":439,"name":"Southend East and Rochford"}},{"type":null,"properties":{"PCON24CD":"E14001502","PCON24NM":"Southend West and Leigh","PCON24NMW":null,"ObjectId":440,"name":"Southend West and Leigh"}},{"type":null,"properties":{"PCON24CD":"E14001503","PCON24NM":"Southgate and Wood Green","PCON24NMW":null,"ObjectId":441,"name":"Southgate and Wood Green"}},{"type":null,"properties":{"PCON24CD":"E14001504","PCON24NM":"Southport","PCON24NMW":null,"ObjectId":442,"name":"Southport"}},{"type":null,"properties":{"PCON24CD":"E14001505","PCON24NM":"Spelthorne","PCON24NMW":null,"ObjectId":443,"name":"Spelthorne"}},{"type":null,"properties":{"PCON24CD":"E14001506","PCON24NM":"Spen Valley","PCON24NMW":null,"ObjectId":444,"name":"Spen Valley"}},{"type":null,"properties":{"PCON24CD":"E14001507","PCON24NM":"St Albans","PCON24NMW":null,"ObjectId":445,"name":"St Albans"}},{"type":null,"properties":{"PCON24CD":"E14001508","PCON24NM":"St Austell and Newquay","PCON24NMW":null,"ObjectId":446,"name":"St Austell and Newquay"}},{"type":null,"properties":{"PCON24CD":"E14001509","PCON24NM":"St Helens North","PCON24NMW":null,"ObjectId":447,"name":"St Helens North"}},{"type":null,"properties":{"PCON24CD":"E14001510","PCON24NM":"St Helens South and Whiston","PCON24NMW":null,"ObjectId":448,"name":"St Helens South and Whiston"}},{"type":null,"properties":{"PCON24CD":"E14001511","PCON24NM":"St Ives","PCON24NMW":null,"ObjectId":449,"name":"St Ives"}},{"type":null,"properties":{"PCON24CD":"E14001512","PCON24NM":"St Neots and Mid Cambridgeshire","PCON24NMW":null,"ObjectId":450,"name":"St Neots and Mid Cambridgeshire"}},{"type":null,"properties":{"PCON24CD":"N05000008","PCON24NM":"Foyle","PCON24NMW":null,"ObjectId":451,"name":"Foyle"}},{"type":null,"properties":{"PCON24CD":"N05000009","PCON24NM":"Lagan Valley","PCON24NMW":null,"ObjectId":452,"name":"Lagan Valley"}},{"type":null,"properties":{"PCON24CD":"N05000010","PCON24NM":"Mid Ulster","PCON24NMW":null,"ObjectId":453,"name":"Mid Ulster"}},{"type":null,"properties":{"PCON24CD":"N05000011","PCON24NM":"Newry and Armagh","PCON24NMW":null,"ObjectId":454,"name":"Newry and Armagh"}},{"type":null,"properties":{"PCON24CD":"N05000012","PCON24NM":"North Antrim","PCON24NMW":null,"ObjectId":455,"name":"North Antrim"}},{"type":null,"properties":{"PCON24CD":"N05000013","PCON24NM":"North Down","PCON24NMW":null,"ObjectId":456,"name":"North Down"}},{"type":null,"properties":{"PCON24CD":"N05000014","PCON24NM":"South Antrim","PCON24NMW":null,"ObjectId":457,"name":"South Antrim"}},{"type":null,"properties":{"PCON24CD":"N05000015","PCON24NM":"South Down","PCON24NMW":null,"ObjectId":458,"name":"South Down"}},{"type":null,"properties":{"PCON24CD":"N05000016","PCON24NM":"Strangford","PCON24NMW":null,"ObjectId":459,"name":"Strangford"}},{"type":null,"properties":{"PCON24CD":"N05000017","PCON24NM":"Upper Bann","PCON24NMW":null,"ObjectId":460,"name":"Upper Bann"}},{"type":null,"properties":{"PCON24CD":"N05000018","PCON24NM":"West Tyrone","PCON24NMW":null,"ObjectId":461,"name":"West Tyrone"}},{"type":null,"properties":{"PCON24CD":"S14000021","PCON24NM":"East Renfrewshire","PCON24NMW":null,"ObjectId":462,"name":"East Renfrewshire"}},{"type":null,"properties":{"PCON24CD":"S14000027","PCON24NM":"Na h-Eileanan an Iar","PCON24NMW":null,"ObjectId":463,"name":"Na h-Eileanan an Iar"}},{"type":null,"properties":{"PCON24CD":"S14000045","PCON24NM":"Midlothian","PCON24NMW":null,"ObjectId":464,"name":"Midlothian"}},{"type":null,"properties":{"PCON24CD":"S14000048","PCON24NM":"North Ayrshire and Arran","PCON24NMW":null,"ObjectId":465,"name":"North Ayrshire and Arran"}},{"type":null,"properties":{"PCON24CD":"S14000051","PCON24NM":"Orkney and Shetland","PCON24NMW":null,"ObjectId":466,"name":"Orkney and Shetland"}},{"type":null,"properties":{"PCON24CD":"S14000060","PCON24NM":"Aberdeen North","PCON24NMW":null,"ObjectId":467,"name":"Aberdeen North"}},{"type":null,"properties":{"PCON24CD":"S14000061","PCON24NM":"Aberdeen South","PCON24NMW":null,"ObjectId":468,"name":"Aberdeen South"}},{"type":null,"properties":{"PCON24CD":"S14000062","PCON24NM":"Aberdeenshire North and Moray East","PCON24NMW":null,"ObjectId":469,"name":"Aberdeenshire North and Moray East"}},{"type":null,"properties":{"PCON24CD":"S14000063","PCON24NM":"Airdrie and Shotts","PCON24NMW":null,"ObjectId":470,"name":"Airdrie and Shotts"}},{"type":null,"properties":{"PCON24CD":"S14000064","PCON24NM":"Alloa and Grangemouth","PCON24NMW":null,"ObjectId":471,"name":"Alloa and Grangemouth"}},{"type":null,"properties":{"PCON24CD":"S14000065","PCON24NM":"Angus and Perthshire Glens","PCON24NMW":null,"ObjectId":472,"name":"Angus and Perthshire Glens"}},{"type":null,"properties":{"PCON24CD":"S14000066","PCON24NM":"Arbroath and Broughty Ferry","PCON24NMW":null,"ObjectId":473,"name":"Arbroath and Broughty Ferry"}},{"type":null,"properties":{"PCON24CD":"S14000067","PCON24NM":"Argyll, Bute and South Lochaber","PCON24NMW":null,"ObjectId":474,"name":"Argyll, Bute and South Lochaber"}},{"type":null,"properties":{"PCON24CD":"S14000068","PCON24NM":"Bathgate and Linlithgow","PCON24NMW":null,"ObjectId":475,"name":"Bathgate and Linlithgow"}},{"type":null,"properties":{"PCON24CD":"S14000069","PCON24NM":"Caithness, Sutherland and Easter Ross","PCON24NMW":null,"ObjectId":476,"name":"Caithness, Sutherland and Easter Ross"}},{"type":null,"properties":{"PCON24CD":"S14000070","PCON24NM":"Coatbridge and Bellshill","PCON24NMW":null,"ObjectId":477,"name":"Coatbridge and Bellshill"}},{"type":null,"properties":{"PCON24CD":"S14000071","PCON24NM":"Cowdenbeath and Kirkcaldy","PCON24NMW":null,"ObjectId":478,"name":"Cowdenbeath and Kirkcaldy"}},{"type":null,"properties":{"PCON24CD":"S14000072","PCON24NM":"Cumbernauld and Kirkintilloch","PCON24NMW":null,"ObjectId":479,"name":"Cumbernauld and Kirkintilloch"}},{"type":null,"properties":{"PCON24CD":"S14000073","PCON24NM":"Dumfries and Galloway","PCON24NMW":null,"ObjectId":480,"name":"Dumfries and Galloway"}},{"type":null,"properties":{"PCON24CD":"S14000074","PCON24NM":"Dumfriesshire, Clydesdale and Tweeddale","PCON24NMW":null,"ObjectId":481,"name":"Dumfriesshire, Clydesdale and Tweeddale"}},{"type":null,"properties":{"PCON24CD":"S14000075","PCON24NM":"Dundee Central","PCON24NMW":null,"ObjectId":482,"name":"Dundee Central"}},{"type":null,"properties":{"PCON24CD":"S14000076","PCON24NM":"Dunfermline and Dollar","PCON24NMW":null,"ObjectId":483,"name":"Dunfermline and Dollar"}},{"type":null,"properties":{"PCON24CD":"S14000077","PCON24NM":"East Kilbride and Strathaven","PCON24NMW":null,"ObjectId":484,"name":"East Kilbride and Strathaven"}},{"type":null,"properties":{"PCON24CD":"S14000078","PCON24NM":"Edinburgh East and Musselburgh","PCON24NMW":null,"ObjectId":485,"name":"Edinburgh East and Musselburgh"}},{"type":null,"properties":{"PCON24CD":"S14000079","PCON24NM":"Edinburgh North and Leith","PCON24NMW":null,"ObjectId":486,"name":"Edinburgh North and Leith"}},{"type":null,"properties":{"PCON24CD":"S14000080","PCON24NM":"Edinburgh South","PCON24NMW":null,"ObjectId":487,"name":"Edinburgh South"}},{"type":null,"properties":{"PCON24CD":"S14000081","PCON24NM":"Edinburgh South West","PCON24NMW":null,"ObjectId":488,"name":"Edinburgh South West"}},{"type":null,"properties":{"PCON24CD":"S14000082","PCON24NM":"Edinburgh West","PCON24NMW":null,"ObjectId":489,"name":"Edinburgh West"}},{"type":null,"properties":{"PCON24CD":"S14000083","PCON24NM":"Falkirk","PCON24NMW":null,"ObjectId":490,"name":"Falkirk"}},{"type":null,"properties":{"PCON24CD":"S14000084","PCON24NM":"Glasgow East","PCON24NMW":null,"ObjectId":491,"name":"Glasgow East"}},{"type":null,"properties":{"PCON24CD":"S14000085","PCON24NM":"Glasgow North","PCON24NMW":null,"ObjectId":492,"name":"Glasgow North"}},{"type":null,"properties":{"PCON24CD":"S14000086","PCON24NM":"Glasgow North East","PCON24NMW":null,"ObjectId":493,"name":"Glasgow North East"}},{"type":null,"properties":{"PCON24CD":"S14000087","PCON24NM":"Glasgow South","PCON24NMW":null,"ObjectId":494,"name":"Glasgow South"}},{"type":null,"properties":{"PCON24CD":"S14000088","PCON24NM":"Glasgow South West","PCON24NMW":null,"ObjectId":495,"name":"Glasgow South West"}},{"type":null,"properties":{"PCON24CD":"S14000089","PCON24NM":"Glasgow West","PCON24NMW":null,"ObjectId":496,"name":"Glasgow West"}},{"type":null,"properties":{"PCON24CD":"S14000090","PCON24NM":"Glenrothes and Mid Fife","PCON24NMW":null,"ObjectId":497,"name":"Glenrothes and Mid Fife"}},{"type":null,"properties":{"PCON24CD":"S14000091","PCON24NM":"Gordon and Buchan","PCON24NMW":null,"ObjectId":498,"name":"Gordon and Buchan"}},{"type":null,"properties":{"PCON24CD":"S14000092","PCON24NM":"Hamilton and Clyde Valley","PCON24NMW":null,"ObjectId":499,"name":"Hamilton and Clyde Valley"}},{"type":null,"properties":{"PCON24CD":"S14000093","PCON24NM":"Inverclyde and Renfrewshire West","PCON24NMW":null,"ObjectId":500,"name":"Inverclyde and Renfrewshire West"}},{"type":null,"properties":{"PCON24CD":"E14001513","PCON24NM":"Stafford","PCON24NMW":null,"ObjectId":501,"name":"Stafford"}},{"type":null,"properties":{"PCON24CD":"E14001514","PCON24NM":"Staffordshire Moorlands","PCON24NMW":null,"ObjectId":502,"name":"Staffordshire Moorlands"}},{"type":null,"properties":{"PCON24CD":"E14001515","PCON24NM":"Stalybridge and Hyde","PCON24NMW":null,"ObjectId":503,"name":"Stalybridge and Hyde"}},{"type":null,"properties":{"PCON24CD":"E14001516","PCON24NM":"Stevenage","PCON24NMW":null,"ObjectId":504,"name":"Stevenage"}},{"type":null,"properties":{"PCON24CD":"E14001517","PCON24NM":"Stockport","PCON24NMW":null,"ObjectId":505,"name":"Stockport"}},{"type":null,"properties":{"PCON24CD":"E14001518","PCON24NM":"Stockton North","PCON24NMW":null,"ObjectId":506,"name":"Stockton North"}},{"type":null,"properties":{"PCON24CD":"E14001519","PCON24NM":"Stockton West","PCON24NMW":null,"ObjectId":507,"name":"Stockton West"}},{"type":null,"properties":{"PCON24CD":"E14001520","PCON24NM":"Stoke-on-Trent Central","PCON24NMW":null,"ObjectId":508,"name":"Stoke-on-Trent Central"}},{"type":null,"properties":{"PCON24CD":"E14001521","PCON24NM":"Stoke-on-Trent North","PCON24NMW":null,"ObjectId":509,"name":"Stoke-on-Trent North"}},{"type":null,"properties":{"PCON24CD":"E14001522","PCON24NM":"Stoke-on-Trent South","PCON24NMW":null,"ObjectId":510,"name":"Stoke-on-Trent South"}},{"type":null,"properties":{"PCON24CD":"E14001523","PCON24NM":"Stone, Great Wyrley and Penkridge","PCON24NMW":null,"ObjectId":511,"name":"Stone, Great Wyrley and Penkridge"}},{"type":null,"properties":{"PCON24CD":"E14001524","PCON24NM":"Stourbridge","PCON24NMW":null,"ObjectId":512,"name":"Stourbridge"}},{"type":null,"properties":{"PCON24CD":"E14001525","PCON24NM":"Stratford and Bow","PCON24NMW":null,"ObjectId":513,"name":"Stratford and Bow"}},{"type":null,"properties":{"PCON24CD":"E14001526","PCON24NM":"Stratford-on-Avon","PCON24NMW":null,"ObjectId":514,"name":"Stratford-on-Avon"}},{"type":null,"properties":{"PCON24CD":"E14001527","PCON24NM":"Streatham and Croydon North","PCON24NMW":null,"ObjectId":515,"name":"Streatham and Croydon North"}},{"type":null,"properties":{"PCON24CD":"E14001528","PCON24NM":"Stretford and Urmston","PCON24NMW":null,"ObjectId":516,"name":"Stretford and Urmston"}},{"type":null,"properties":{"PCON24CD":"E14001529","PCON24NM":"Stroud","PCON24NMW":null,"ObjectId":517,"name":"Stroud"}},{"type":null,"properties":{"PCON24CD":"E14001530","PCON24NM":"Suffolk Coastal","PCON24NMW":null,"ObjectId":518,"name":"Suffolk Coastal"}},{"type":null,"properties":{"PCON24CD":"E14001531","PCON24NM":"Sunderland Central","PCON24NMW":null,"ObjectId":519,"name":"Sunderland Central"}},{"type":null,"properties":{"PCON24CD":"E14001532","PCON24NM":"Surrey Heath","PCON24NMW":null,"ObjectId":520,"name":"Surrey Heath"}},{"type":null,"properties":{"PCON24CD":"E14001533","PCON24NM":"Sussex Weald","PCON24NMW":null,"ObjectId":521,"name":"Sussex Weald"}},{"type":null,"properties":{"PCON24CD":"E14001534","PCON24NM":"Sutton and Cheam","PCON24NMW":null,"ObjectId":522,"name":"Sutton and Cheam"}},{"type":null,"properties":{"PCON24CD":"E14001535","PCON24NM":"Sutton Coldfield","PCON24NMW":null,"ObjectId":523,"name":"Sutton Coldfield"}},{"type":null,"properties":{"PCON24CD":"E14001536","PCON24NM":"Swindon North","PCON24NMW":null,"ObjectId":524,"name":"Swindon North"}},{"type":null,"properties":{"PCON24CD":"E14001537","PCON24NM":"Swindon South","PCON24NMW":null,"ObjectId":525,"name":"Swindon South"}},{"type":null,"properties":{"PCON24CD":"E14001538","PCON24NM":"Tamworth","PCON24NMW":null,"ObjectId":526,"name":"Tamworth"}},{"type":null,"properties":{"PCON24CD":"E14001539","PCON24NM":"Tatton","PCON24NMW":null,"ObjectId":527,"name":"Tatton"}},{"type":null,"properties":{"PCON24CD":"E14001540","PCON24NM":"Taunton and Wellington","PCON24NMW":null,"ObjectId":528,"name":"Taunton and Wellington"}},{"type":null,"properties":{"PCON24CD":"E14001541","PCON24NM":"Telford","PCON24NMW":null,"ObjectId":529,"name":"Telford"}},{"type":null,"properties":{"PCON24CD":"E14001542","PCON24NM":"Tewkesbury","PCON24NMW":null,"ObjectId":530,"name":"Tewkesbury"}},{"type":null,"properties":{"PCON24CD":"E14001543","PCON24NM":"The Wrekin","PCON24NMW":null,"ObjectId":531,"name":"The Wrekin"}},{"type":null,"properties":{"PCON24CD":"E14001544","PCON24NM":"Thirsk and Malton","PCON24NMW":null,"ObjectId":532,"name":"Thirsk and Malton"}},{"type":null,"properties":{"PCON24CD":"E14001545","PCON24NM":"Thornbury and Yate","PCON24NMW":null,"ObjectId":533,"name":"Thornbury and Yate"}},{"type":null,"properties":{"PCON24CD":"E14001546","PCON24NM":"Thurrock","PCON24NMW":null,"ObjectId":534,"name":"Thurrock"}},{"type":null,"properties":{"PCON24CD":"E14001547","PCON24NM":"Tipton and Wednesbury","PCON24NMW":null,"ObjectId":535,"name":"Tipton and Wednesbury"}},{"type":null,"properties":{"PCON24CD":"E14001548","PCON24NM":"Tiverton and Minehead","PCON24NMW":null,"ObjectId":536,"name":"Tiverton and Minehead"}},{"type":null,"properties":{"PCON24CD":"E14001549","PCON24NM":"Tonbridge","PCON24NMW":null,"ObjectId":537,"name":"Tonbridge"}},{"type":null,"properties":{"PCON24CD":"E14001550","PCON24NM":"Tooting","PCON24NMW":null,"ObjectId":538,"name":"Tooting"}},{"type":null,"properties":{"PCON24CD":"E14001551","PCON24NM":"Torbay","PCON24NMW":null,"ObjectId":539,"name":"Torbay"}},{"type":null,"properties":{"PCON24CD":"E14001552","PCON24NM":"Torridge and Tavistock","PCON24NMW":null,"ObjectId":540,"name":"Torridge and Tavistock"}},{"type":null,"properties":{"PCON24CD":"E14001553","PCON24NM":"Tottenham","PCON24NMW":null,"ObjectId":541,"name":"Tottenham"}},{"type":null,"properties":{"PCON24CD":"E14001554","PCON24NM":"Truro and Falmouth","PCON24NMW":null,"ObjectId":542,"name":"Truro and Falmouth"}},{"type":null,"properties":{"PCON24CD":"E14001555","PCON24NM":"Tunbridge Wells","PCON24NMW":null,"ObjectId":543,"name":"Tunbridge Wells"}},{"type":null,"properties":{"PCON24CD":"E14001556","PCON24NM":"Twickenham","PCON24NMW":null,"ObjectId":544,"name":"Twickenham"}},{"type":null,"properties":{"PCON24CD":"E14001557","PCON24NM":"Tynemouth","PCON24NMW":null,"ObjectId":545,"name":"Tynemouth"}},{"type":null,"properties":{"PCON24CD":"E14001558","PCON24NM":"Uxbridge and South Ruislip","PCON24NMW":null,"ObjectId":546,"name":"Uxbridge and South Ruislip"}},{"type":null,"properties":{"PCON24CD":"E14001559","PCON24NM":"Vauxhall and Camberwell Green","PCON24NMW":null,"ObjectId":547,"name":"Vauxhall and Camberwell Green"}},{"type":null,"properties":{"PCON24CD":"E14001560","PCON24NM":"Wakefield and Rothwell","PCON24NMW":null,"ObjectId":548,"name":"Wakefield and Rothwell"}},{"type":null,"properties":{"PCON24CD":"E14001561","PCON24NM":"Wallasey","PCON24NMW":null,"ObjectId":549,"name":"Wallasey"}},{"type":null,"properties":{"PCON24CD":"E14001562","PCON24NM":"Walsall and Bloxwich","PCON24NMW":null,"ObjectId":550,"name":"Walsall and Bloxwich"}},{"type":null,"properties":{"PCON24CD":"S14000094","PCON24NM":"Inverness, Skye and West Ross-shire","PCON24NMW":null,"ObjectId":551,"name":"Inverness, Skye and West Ross-shire"}},{"type":null,"properties":{"PCON24CD":"S14000095","PCON24NM":"Livingston","PCON24NMW":null,"ObjectId":552,"name":"Livingston"}},{"type":null,"properties":{"PCON24CD":"S14000096","PCON24NM":"Lothian East","PCON24NMW":null,"ObjectId":553,"name":"Lothian East"}},{"type":null,"properties":{"PCON24CD":"S14000097","PCON24NM":"Mid Dunbartonshire","PCON24NMW":null,"ObjectId":554,"name":"Mid Dunbartonshire"}},{"type":null,"properties":{"PCON24CD":"S14000098","PCON24NM":"Moray West, Nairn and Strathspey","PCON24NMW":null,"ObjectId":555,"name":"Moray West, Nairn and Strathspey"}},{"type":null,"properties":{"PCON24CD":"S14000099","PCON24NM":"Motherwell, Wishaw and Carluke","PCON24NMW":null,"ObjectId":556,"name":"Motherwell, Wishaw and Carluke"}},{"type":null,"properties":{"PCON24CD":"S14000100","PCON24NM":"North East Fife","PCON24NMW":null,"ObjectId":557,"name":"North East Fife"}},{"type":null,"properties":{"PCON24CD":"S14000101","PCON24NM":"Paisley and Renfrewshire North","PCON24NMW":null,"ObjectId":558,"name":"Paisley and Renfrewshire North"}},{"type":null,"properties":{"PCON24CD":"S14000102","PCON24NM":"Paisley and Renfrewshire South","PCON24NMW":null,"ObjectId":559,"name":"Paisley and Renfrewshire South"}},{"type":null,"properties":{"PCON24CD":"S14000103","PCON24NM":"Perth and Kinross-shire","PCON24NMW":null,"ObjectId":560,"name":"Perth and Kinross-shire"}},{"type":null,"properties":{"PCON24CD":"S14000104","PCON24NM":"Rutherglen","PCON24NMW":null,"ObjectId":561,"name":"Rutherglen"}},{"type":null,"properties":{"PCON24CD":"S14000105","PCON24NM":"Stirling and Strathallan","PCON24NMW":null,"ObjectId":562,"name":"Stirling and Strathallan"}},{"type":null,"properties":{"PCON24CD":"S14000106","PCON24NM":"West Dunbartonshire","PCON24NMW":null,"ObjectId":563,"name":"West Dunbartonshire"}},{"type":null,"properties":{"PCON24CD":"S14000107","PCON24NM":"Ayr, Carrick and Cumnock","PCON24NMW":null,"ObjectId":564,"name":"Ayr, Carrick and Cumnock"}},{"type":null,"properties":{"PCON24CD":"S14000108","PCON24NM":"Berwickshire, Roxburgh and Selkirk","PCON24NMW":null,"ObjectId":565,"name":"Berwickshire, Roxburgh and Selkirk"}},{"type":null,"properties":{"PCON24CD":"S14000109","PCON24NM":"Central Ayrshire","PCON24NMW":null,"ObjectId":566,"name":"Central Ayrshire"}},{"type":null,"properties":{"PCON24CD":"S14000110","PCON24NM":"Kilmarnock and Loudoun","PCON24NMW":null,"ObjectId":567,"name":"Kilmarnock and Loudoun"}},{"type":null,"properties":{"PCON24CD":"S14000111","PCON24NM":"West Aberdeenshire and Kincardine","PCON24NMW":null,"ObjectId":568,"name":"West Aberdeenshire and Kincardine"}},{"type":null,"properties":{"PCON24CD":"W07000081","PCON24NM":"Aberafan Maesteg","PCON24NMW":"Aberafan Maesteg","ObjectId":569,"name":"Aberafan Maesteg"}},{"type":null,"properties":{"PCON24CD":"W07000082","PCON24NM":"Alyn and Deeside","PCON24NMW":"Alun a Glannau Dyfrdwy","ObjectId":570,"name":"Alyn and Deeside"}},{"type":null,"properties":{"PCON24CD":"W07000083","PCON24NM":"Bangor Aberconwy","PCON24NMW":"Bangor Aberconwy","ObjectId":571,"name":"Bangor Aberconwy"}},{"type":null,"properties":{"PCON24CD":"W07000084","PCON24NM":"Blaenau Gwent and Rhymney","PCON24NMW":"Blaenau Gwent a Rhymni","ObjectId":572,"name":"Blaenau Gwent and Rhymney"}},{"type":null,"properties":{"PCON24CD":"W07000085","PCON24NM":"Brecon, Radnor and Cwm Tawe","PCON24NMW":"Aberhonddu, Maesyfed a Chwm-tawe","ObjectId":573,"name":"Brecon, Radnor and Cwm Tawe"}},{"type":null,"properties":{"PCON24CD":"W07000086","PCON24NM":"Bridgend","PCON24NMW":"Pen-y-bont","ObjectId":574,"name":"Bridgend"}},{"type":null,"properties":{"PCON24CD":"W07000087","PCON24NM":"Caerfyrddin","PCON24NMW":"Carmarthen","ObjectId":575,"name":"Caerfyrddin"}},{"type":null,"properties":{"PCON24CD":"W07000088","PCON24NM":"Caerphilly","PCON24NMW":"Caerffili","ObjectId":576,"name":"Caerphilly"}},{"type":null,"properties":{"PCON24CD":"W07000089","PCON24NM":"Cardiff East","PCON24NMW":"Dwyrain Caerdydd","ObjectId":577,"name":"Cardiff East"}},{"type":null,"properties":{"PCON24CD":"W07000090","PCON24NM":"Cardiff North","PCON24NMW":"Gogledd Caerdydd","ObjectId":578,"name":"Cardiff North"}},{"type":null,"properties":{"PCON24CD":"W07000091","PCON24NM":"Cardiff South and Penarth","PCON24NMW":"De Caerdydd a Phenarth","ObjectId":579,"name":"Cardiff South and Penarth"}},{"type":null,"properties":{"PCON24CD":"W07000092","PCON24NM":"Cardiff West","PCON24NMW":"Gorllewin Caerdydd","ObjectId":580,"name":"Cardiff West"}},{"type":null,"properties":{"PCON24CD":"W07000093","PCON24NM":"Ceredigion Preseli","PCON24NMW":"Ceredigion Preseli","ObjectId":581,"name":"Ceredigion Preseli"}},{"type":null,"properties":{"PCON24CD":"W07000094","PCON24NM":"Clwyd East","PCON24NMW":"Dwyrain Clwyd","ObjectId":582,"name":"Clwyd East"}},{"type":null,"properties":{"PCON24CD":"W07000095","PCON24NM":"Clwyd North","PCON24NMW":"Gogledd Clwyd","ObjectId":583,"name":"Clwyd North"}},{"type":null,"properties":{"PCON24CD":"W07000096","PCON24NM":"Dwyfor Meirionnydd","PCON24NMW":"Dwyfor Meirionnydd","ObjectId":584,"name":"Dwyfor Meirionnydd"}},{"type":null,"properties":{"PCON24CD":"W07000097","PCON24NM":"Gower","PCON24NMW":"Gyr","ObjectId":585,"name":"Gower"}},{"type":null,"properties":{"PCON24CD":"W07000098","PCON24NM":"Llanelli","PCON24NMW":"Llanelli","ObjectId":586,"name":"Llanelli"}},{"type":null,"properties":{"PCON24CD":"W07000099","PCON24NM":"Merthyr Tydfil and Aberdare","PCON24NMW":"Merthyr Tudful ac Aberdr","ObjectId":587,"name":"Merthyr Tydfil and Aberdare"}},{"type":null,"properties":{"PCON24CD":"W07000100","PCON24NM":"Mid and South Pembrokeshire","PCON24NMW":"Canol a De Sir Benfro","ObjectId":588,"name":"Mid and South Pembrokeshire"}},{"type":null,"properties":{"PCON24CD":"W07000101","PCON24NM":"Monmouthshire","PCON24NMW":"Sir Fynwy","ObjectId":589,"name":"Monmouthshire"}},{"type":null,"properties":{"PCON24CD":"W07000102","PCON24NM":"Montgomeryshire and Glyndr","PCON24NMW":"Maldwyn a Glyndr","ObjectId":590,"name":"Montgomeryshire and Glyndr"}},{"type":null,"properties":{"PCON24CD":"W07000103","PCON24NM":"Neath and Swansea East","PCON24NMW":"Castell-nedd a Dwyrain Abertawe","ObjectId":591,"name":"Neath and Swansea East"}},{"type":null,"properties":{"PCON24CD":"W07000104","PCON24NM":"Newport East","PCON24NMW":"Dwyrain Casnewydd","ObjectId":592,"name":"Newport East"}},{"type":null,"properties":{"PCON24CD":"W07000105","PCON24NM":"Newport West and Islwyn","PCON24NMW":"Gorllewin Casnewydd ac Islwyn","ObjectId":593,"name":"Newport West and Islwyn"}},{"type":null,"properties":{"PCON24CD":"W07000106","PCON24NM":"Pontypridd","PCON24NMW":"Pontypridd","ObjectId":594,"name":"Pontypridd"}},{"type":null,"properties":{"PCON24CD":"W07000107","PCON24NM":"Rhondda and Ogmore","PCON24NMW":"Rhondda ac Ogwr","ObjectId":595,"name":"Rhondda and Ogmore"}},{"type":null,"properties":{"PCON24CD":"W07000108","PCON24NM":"Swansea West","PCON24NMW":"Gorllewin Abertawe","ObjectId":596,"name":"Swansea West"}},{"type":null,"properties":{"PCON24CD":"W07000109","PCON24NM":"Torfaen","PCON24NMW":"Torfaen","ObjectId":597,"name":"Torfaen"}},{"type":null,"properties":{"PCON24CD":"W07000110","PCON24NM":"Vale of Glamorgan","PCON24NMW":"Bro Morgannwg","ObjectId":598,"name":"Vale of Glamorgan"}},{"type":null,"properties":{"PCON24CD":"W07000111","PCON24NM":"Wrexham","PCON24NMW":"Wrecsam","ObjectId":599,"name":"Wrexham"}},{"type":null,"properties":{"PCON24CD":"W07000112","PCON24NM":"Ynys Mn","PCON24NMW":"Ynys Mn","ObjectId":600,"name":"Ynys Mn"}},{"type":null,"properties":{"PCON24CD":"E14001563","PCON24NM":"Walthamstow","PCON24NMW":null,"ObjectId":601,"name":"Walthamstow"}},{"type":null,"properties":{"PCON24CD":"E14001564","PCON24NM":"Warrington North","PCON24NMW":null,"ObjectId":602,"name":"Warrington North"}},{"type":null,"properties":{"PCON24CD":"E14001565","PCON24NM":"Warrington South","PCON24NMW":null,"ObjectId":603,"name":"Warrington South"}},{"type":null,"properties":{"PCON24CD":"E14001566","PCON24NM":"Warwick and Leamington","PCON24NMW":null,"ObjectId":604,"name":"Warwick and Leamington"}},{"type":null,"properties":{"PCON24CD":"E14001567","PCON24NM":"Washington and Gateshead South","PCON24NMW":null,"ObjectId":605,"name":"Washington and Gateshead South"}},{"type":null,"properties":{"PCON24CD":"E14001568","PCON24NM":"Watford","PCON24NMW":null,"ObjectId":606,"name":"Watford"}},{"type":null,"properties":{"PCON24CD":"E14001569","PCON24NM":"Waveney Valley","PCON24NMW":null,"ObjectId":607,"name":"Waveney Valley"}},{"type":null,"properties":{"PCON24CD":"E14001570","PCON24NM":"Weald of Kent","PCON24NMW":null,"ObjectId":608,"name":"Weald of Kent"}},{"type":null,"properties":{"PCON24CD":"E14001571","PCON24NM":"Wellingborough and Rushden","PCON24NMW":null,"ObjectId":609,"name":"Wellingborough and Rushden"}},{"type":null,"properties":{"PCON24CD":"E14001572","PCON24NM":"Wells and Mendip Hills","PCON24NMW":null,"ObjectId":610,"name":"Wells and Mendip Hills"}},{"type":null,"properties":{"PCON24CD":"E14001573","PCON24NM":"Welwyn Hatfield","PCON24NMW":null,"ObjectId":611,"name":"Welwyn Hatfield"}},{"type":null,"properties":{"PCON24CD":"E14001574","PCON24NM":"West Bromwich","PCON24NMW":null,"ObjectId":612,"name":"West Bromwich"}},{"type":null,"properties":{"PCON24CD":"E14001575","PCON24NM":"West Dorset","PCON24NMW":null,"ObjectId":613,"name":"West Dorset"}},{"type":null,"properties":{"PCON24CD":"E14001576","PCON24NM":"West Ham and Beckton","PCON24NMW":null,"ObjectId":614,"name":"West Ham and Beckton"}},{"type":null,"properties":{"PCON24CD":"E14001577","PCON24NM":"West Lancashire","PCON24NMW":null,"ObjectId":615,"name":"West Lancashire"}},{"type":null,"properties":{"PCON24CD":"E14001578","PCON24NM":"West Suffolk","PCON24NMW":null,"ObjectId":616,"name":"West Suffolk"}},{"type":null,"properties":{"PCON24CD":"E14001579","PCON24NM":"West Worcestershire","PCON24NMW":null,"ObjectId":617,"name":"West Worcestershire"}},{"type":null,"properties":{"PCON24CD":"E14001580","PCON24NM":"Westmorland and Lonsdale","PCON24NMW":null,"ObjectId":618,"name":"Westmorland and Lonsdale"}},{"type":null,"properties":{"PCON24CD":"E14001581","PCON24NM":"Weston-super-Mare","PCON24NMW":null,"ObjectId":619,"name":"Weston-super-Mare"}},{"type":null,"properties":{"PCON24CD":"E14001582","PCON24NM":"Wetherby and Easingwold","PCON24NMW":null,"ObjectId":620,"name":"Wetherby and Easingwold"}},{"type":null,"properties":{"PCON24CD":"E14001583","PCON24NM":"Whitehaven and Workington","PCON24NMW":null,"ObjectId":621,"name":"Whitehaven and Workington"}},{"type":null,"properties":{"PCON24CD":"E14001584","PCON24NM":"Widnes and Halewood","PCON24NMW":null,"ObjectId":622,"name":"Widnes and Halewood"}},{"type":null,"properties":{"PCON24CD":"E14001585","PCON24NM":"Wigan","PCON24NMW":null,"ObjectId":623,"name":"Wigan"}},{"type":null,"properties":{"PCON24CD":"E14001586","PCON24NM":"Wimbledon","PCON24NMW":null,"ObjectId":624,"name":"Wimbledon"}},{"type":null,"properties":{"PCON24CD":"E14001587","PCON24NM":"Winchester","PCON24NMW":null,"ObjectId":625,"name":"Winchester"}},{"type":null,"properties":{"PCON24CD":"E14001588","PCON24NM":"Windsor","PCON24NMW":null,"ObjectId":626,"name":"Windsor"}},{"type":null,"properties":{"PCON24CD":"E14001589","PCON24NM":"Wirral West","PCON24NMW":null,"ObjectId":627,"name":"Wirral West"}},{"type":null,"properties":{"PCON24CD":"E14001590","PCON24NM":"Witham","PCON24NMW":null,"ObjectId":628,"name":"Witham"}},{"type":null,"properties":{"PCON24CD":"E14001591","PCON24NM":"Witney","PCON24NMW":null,"ObjectId":629,"name":"Witney"}},{"type":null,"properties":{"PCON24CD":"E14001592","PCON24NM":"Woking","PCON24NMW":null,"ObjectId":630,"name":"Woking"}},{"type":null,"properties":{"PCON24CD":"E14001593","PCON24NM":"Wokingham","PCON24NMW":null,"ObjectId":631,"name":"Wokingham"}},{"type":null,"properties":{"PCON24CD":"E14001594","PCON24NM":"Wolverhampton North East","PCON24NMW":null,"ObjectId":632,"name":"Wolverhampton North East"}},{"type":null,"properties":{"PCON24CD":"E14001595","PCON24NM":"Wolverhampton South East","PCON24NMW":null,"ObjectId":633,"name":"Wolverhampton South East"}},{"type":null,"properties":{"PCON24CD":"E14001596","PCON24NM":"Wolverhampton West","PCON24NMW":null,"ObjectId":634,"name":"Wolverhampton West"}},{"type":null,"properties":{"PCON24CD":"E14001597","PCON24NM":"Worcester","PCON24NMW":null,"ObjectId":635,"name":"Worcester"}},{"type":null,"properties":{"PCON24CD":"E14001598","PCON24NM":"Worsley and Eccles","PCON24NMW":null,"ObjectId":636,"name":"Worsley and Eccles"}},{"type":null,"properties":{"PCON24CD":"E14001599","PCON24NM":"Worthing West","PCON24NMW":null,"ObjectId":637,"name":"Worthing West"}},{"type":null,"properties":{"PCON24CD":"E14001600","PCON24NM":"Wycombe","PCON24NMW":null,"ObjectId":638,"name":"Wycombe"}},{"type":null,"properties":{"PCON24CD":"E14001601","PCON24NM":"Wyre Forest","PCON24NMW":null,"ObjectId":639,"name":"Wyre Forest"}},{"type":null,"properties":{"PCON24CD":"E14001602","PCON24NM":"Wythenshawe and Sale East","PCON24NMW":null,"ObjectId":640,"name":"Wythenshawe and Sale East"}},{"type":null,"properties":{"PCON24CD":"E14001603","PCON24NM":"Yeovil","PCON24NMW":null,"ObjectId":641,"name":"Yeovil"}},{"type":null,"properties":{"PCON24CD":"E14001604","PCON24NM":"York Central","PCON24NMW":null,"ObjectId":642,"name":"York Central"}},{"type":null,"properties":{"PCON24CD":"E14001605","PCON24NM":"York Outer","PCON24NMW":null,"ObjectId":643,"name":"York Outer"}},{"type":null,"properties":{"PCON24CD":"N05000001","PCON24NM":"Belfast East","PCON24NMW":null,"ObjectId":644,"name":"Belfast East"}},{"type":null,"properties":{"PCON24CD":"N05000002","PCON24NM":"Belfast North","PCON24NMW":null,"ObjectId":645,"name":"Belfast North"}},{"type":null,"properties":{"PCON24CD":"N05000003","PCON24NM":"Belfast South and Mid Down","PCON24NMW":null,"ObjectId":646,"name":"Belfast South and Mid Down"}},{"type":null,"properties":{"PCON24CD":"N05000004","PCON24NM":"Belfast West","PCON24NMW":null,"ObjectId":647,"name":"Belfast West"}},{"type":null,"properties":{"PCON24CD":"N05000005","PCON24NM":"East Antrim","PCON24NMW":null,"ObjectId":648,"name":"East Antrim"}},{"type":null,"properties":{"PCON24CD":"N05000006","PCON24NM":"East Londonderry","PCON24NMW":null,"ObjectId":649,"name":"East Londonderry"}},{"type":null,"properties":{"PCON24CD":"N05000007","PCON24NM":"Fermanagh and South Tyrone","PCON24NMW":null,"ObjectId":650,"name":"Fermanagh and South Tyrone"}}]}}}